-- phpMyAdmin SQL Dump
-- version 5.2.1
-- https://www.phpmyadmin.net/
--
-- Host: 127.0.0.1
-- Generation Time: Dec 25, 2023 at 03:10 PM
-- Server version: 10.4.32-MariaDB
-- PHP Version: 8.2.12

SET SQL_MODE = "NO_AUTO_VALUE_ON_ZERO";
START TRANSACTION;
SET time_zone = "+00:00";


/*!40101 SET @OLD_CHARACTER_SET_CLIENT=@@CHARACTER_SET_CLIENT */;
/*!40101 SET @OLD_CHARACTER_SET_RESULTS=@@CHARACTER_SET_RESULTS */;
/*!40101 SET @OLD_COLLATION_CONNECTION=@@COLLATION_CONNECTION */;
/*!40101 SET NAMES utf8mb4 */;

--
-- Database: `phim`
--

-- --------------------------------------------------------

--
-- Table structure for table `donhang`
--

CREATE TABLE `donhang` (
  `madh` varchar(10) NOT NULL,
  `ngaylapdon` datetime NOT NULL,
  `ghe` varchar(10) NOT NULL,
  `dongia` int(10) NOT NULL,
  `hinhthuc` varchar(10) NOT NULL,
  `tongien` int(11) NOT NULL,
  `masc` varchar(10) NOT NULL,
  `soluong` int(11) NOT NULL,
  `maphim` varchar(10) NOT NULL,
  `iduser` varchar(10) NOT NULL
) ENGINE=InnoDB DEFAULT CHARSET=utf8mb4 COLLATE=utf8mb4_general_ci;

--
-- Dumping data for table `donhang`
--

INSERT INTO `donhang` (`madh`, `ngaylapdon`, `ghe`, `dongia`, `hinhthuc`, `tongien`, `masc`, `soluong`, `maphim`, `iduser`) VALUES
('dh01595039', '2023-12-22 04:48:31', 'b', 120000, '3D', 120000, 'sc52006621', 1, 'dh52006612', 'id99183053'),
('dh05344341', '2023-12-08 03:46:58', 'a', 70000, '2D', 70000, 'sc52006610', 1, 'dh52006610', 'id52006610'),
('dh05496611', '2023-12-08 02:45:00', 'b', 70000, '2D', 70000, 'sc52006610', 1, 'dh52006610', 'id52006610'),
('dh09800152', '2023-12-22 04:03:08', 'b', 105000, '3D', 105000, 'sc52006623', 1, 'dh52006610', 'id99183053'),
('dh20568627', '2023-12-08 03:47:10', 'a', 70000, '2D', 70000, 'sc52006610', 1, 'dh52006610', 'id52006610'),
('dh32886302', '2023-12-08 05:21:32', 'b', 120000, '3D', 240000, 'sc52006612', 2, 'dh52006612', 'id5006611'),
('dh35017228', '2023-12-08 05:56:03', 'a', 105000, '3D', 105000, 'sc52006618', 1, 'dh52006618', 'id5006611'),
('dh45396563', '2023-12-22 07:35:42', 'c', 70000, '2D', 140000, 'sc52006623', 2, 'dh52006610', 'id24103479'),
('dh53662974', '2023-12-08 05:57:00', 'c', 105000, '3D', 105000, 'sc52006623', 1, 'dh52006610', 'id5006611'),
('dh60177519', '2023-12-08 05:15:44', 'a', 70000, '2D', 70000, 'sc52006610', 1, 'dh52006610', 'id5006611'),
('dh62244120', '2023-12-22 04:04:15', 'c', 75000, '2D', 75000, 'sc52006613', 1, 'dh52006613', 'id99183053'),
('dh69250227', '2023-12-08 05:16:14', 'c', 75000, '2D', 75000, 'sc52006613', 1, 'dh52006613', 'id5006611'),
('dh75210799', '2023-12-08 05:13:51', 'b', 80000, '2D', 80000, 'sc52006612', 1, 'dh52006612', 'id52006610'),
('dh77835161', '2023-12-08 02:43:37', 'a', 70000, '2D', 70000, 'sc52006610', 1, 'dh52006610', 'id52006610'),
('dh83537215', '2023-12-08 05:15:58', 'c', 80000, '2D', 80000, 'sc52006612', 1, 'dh52006612', 'id5006611'),
('dh89692343', '2023-12-08 02:53:06', 'a', 70000, '2D', 70000, 'sc52006610', 1, 'dh52006610', 'id52006610');

-- --------------------------------------------------------

--
-- Table structure for table `phim`
--

CREATE TABLE `phim` (
  `maphim` varchar(10) NOT NULL,
  `tenphim` varchar(255) NOT NULL,
  `giaphim` int(11) NOT NULL,
  `url` text NOT NULL,
  `gioithieuphim` varchar(500) NOT NULL,
  `quocgia` varchar(255) NOT NULL,
  `thoiluong` time NOT NULL,
  `statephim` varchar(255) NOT NULL
) ENGINE=InnoDB DEFAULT CHARSET=utf8mb4 COLLATE=utf8mb4_general_ci;

--
-- Dumping data for table `phim`
--

INSERT INTO `phim` (`maphim`, `tenphim`, `giaphim`, `url`, `gioithieuphim`, `quocgia`, `thoiluong`, `statephim`) VALUES
('dh52006610', 'Aquaman', 70000, 'https://m.media-amazon.com/images/M/MV5BMTkxM2FiYjctYjliYy00NjY2LWFmOTEtMWZiYWRjNjA4MGYxXkEyXkFqcGdeQXVyMTUzMTg2ODkz._V1_.jpg', 'Cuộc phiêu lưu của aquaman phần 2', 'Âu Mỹ', '02:00:00', 'phimdangchieu'),
('dh52006611', 'Aquaman 2', 70000, 'https://images.immediate.co.uk/production/volatile/sites/3/2018/12/Aquaman-Movie-Poster-Aquaman-Classic-Costume-e0110b2.jpg?quality=90&resize=980,654', 'Cuộc phiêu lưu của aquaman 2', 'Âu Mỹ', '02:06:33', 'phimsapchieu'),
('dh52006612', 'Đất rừng phương nam', 80000, 'https://kenh14cdn.com/thumb_w/660/203336854389633024/2023/10/14/photo-9-1697287772078535040836.jpg', 'Cuộc phiêu lưu của An', 'Việt Nam', '03:01:45', 'phimdangchieu'),
('dh52006613', 'Spider-Man: No Way Home', 75000, 'https://ecdn.game4v.com/g4v-content/uploads/2021/11/26091930/NWH-poster-1-game4v-1637893169-6.jpg', 'Cuộc phiêu lưu mới của Spider-Man', 'Âu Mỹ', '02:28:12', 'phimdangchieu'),
('dh52006614', 'The Matrix Resurrections', 85000, 'https://m.media-amazon.com/images/M/MV5BMGJkNDJlZWUtOGM1Ny00YjNkLThiM2QtY2ZjMzQxMTIxNWNmXkEyXkFqcGdeQXVyMDM2NDM2MQ@@._V1_.jpg', 'Trận chiến tiếp theo trong thế giới Matrix', 'Âu Mỹ', '02:28:52', 'phimsapchieu'),
('dh52006615', 'Dune', 90000, 'data:image/jpeg;base64,/9j/4AAQSkZJRgABAQAAAQABAAD/2wCEAAoHCBYWFRgVFhYYGBgYGhgYGBgYGBgYGhgYGBgZGhgcGBgcIS4lHB4rIRgYJjgmKy8xNTU1GiQ7QDs0Py40NTEBDAwMEA8QGhISGjQhGiE0NDQxNDE0NDQxNDE0MTQ0NDE0NDQ0MTQxNDQ0NDQ/MTE0NDQxNDExMTQ/NDQxNDE/NP/AABEIAKgBLAMBIgACEQEDEQH/xAAbAAACAwEBAQAAAAAAAAAAAAADBAIFBgABB//EADoQAAEDAgQDBgMGBgMBAQAAAAEAAhEDIQQSMUEFUWEiMnGBkaGxwdEGExRC4fBSYnKSsvEVgsKiI//EABgBAAMBAQAAAAAAAAAAAAAAAAABAgME/8QAIREBAQEBAQEAAgMAAwAAAAAAAAECESExAxITQVFSYXH/2gAMAwEAAhEDEQA/AM4ximKaIxqmueuiEcQxKhissQEm1wBRBUhSIClh2qTq4hGwkFFERqtUfu7JjEwEticRDLb79EZzaWtSRUcSOYxqOXzVPiMIRdhN+qsqr1Brtjv8VvGCswtQlzWvcQwuAdeLHWeXirHEuyy4wGtEAbHkB7IGJoB3R2x59Ckfu5toRtrHggLJ/ZaGyDMOc7mTf0ulXVqbiMxfDdmhok7EOOnoUD7nZDNJHB00zE5n5ztMT7JrANlznn8oe4eLWl3tCRYzQASVbYaiMuSYDgWl3IG7iOc93zQSmZVO9/FGFXp7ypYrDsb3XO1gAgacyRvHTkl3jLuD4XHqmXVnh+L1WWFR4GgBJcABoA10gD2VhR4+/wDNkcNzBYb/ANBaFQsouLS4RAsZMes7fVdTruboSOd7JWKjVs4kx2rXDlBDgPAG/qU5RexwkPjxY4fCVlsPjxo5rT5AfCFaUcewW+Dhby/0s9SrzYt34Vzu65jumbL/AJAJnDYV4tlHk5h+DlX0cWw6H1EfVO0q42I9Y+KytrScSxVB4Hcf4hriPUCFXNaZurujXI6ecJk4w7z6yPfVEp1RAFMsmFZF7DcsZP8AQ0fAKQZTP5I6tcR7OkIt6J4pcSEmxhlX1fCsdo8jkHNt5uafkg0eHP2DX/0OBP8AbZ3sqlFIGmYSL2XV9XZFoI8RCqqjbp5ooQC9YLopavWhPqBQbJZ4um4slXsulKd+IFqiGKULyVSeLFoXEKeVeQs2kLVlW1RdWtUKvc2SnBUWMspUKmUqbQoBl0ySxVcnT4T7b+CQxGKziYI0nMADuBoSPylFx5yse7eIHif0lVgqFrWmJGUNcOcaGedz6nmtMzxlu9qbihEqP3giRJHI6tUcypLqht1HuEDE7PHn9fkjv0QaR2QA2uLrASeiIMK7cgdNT6BWPD8G1rM7xcyQCbBsd4jnrHNe1sS2CGtAAtA1cRbXU/NLvR8LtwzWi/vq7czyESuxGKME7m3yjwsgsquElzpvEDQdWztukHvJN1Sf7c95leNaSpYenmctNgMCyBKm64uZ6oKOGee603tZSfwupE5VucNh2N0ARqtEO1S/er/SPmj2OBgghM8PrAPAddrrGQDE2zCeUz5LRcZ4a0ifdZVzCCnL1Gpxo8AxmYte29oALhBtIbBuJt/qVb08Cw3BeBsRB9iJWYp1TmnWYgExJ0c2diQRfmAtFw/HwBmMt5kQWkHuvbsfY+JAK1BmmhhCBZ7ueluWxUe1MZvcqbsax3ccHE9lwE2cYDZGx0F+Q5Ij23WPK28vxzWP5n1T1CB3ifUoTBZdVNkj4Zlh/OuDm/xg+ICo62KyrqGNko5ReNCcR2SM0jkbj0MhV2IdS3zNPNkkebT8iFH8UOaTxVZpCIK5j5UXPQKFS6m8SVZGabrKBN1Oi2yWfqlAm5Cyr1xXoVdSuHhCc9e1XICiKDrPSzGpioxSZTT+AoTdc52UT6DmvKpymT/vog03Fxk+Q5LTOe+s9a55Asf3Lm5MnysBGw1t15kqtc6ydx9SSVWudZWzLvJmW6k+SlTfPy6HcLx/1+H+kahg3PeGNgZGZnE6SdvEkgINFzlLD0HPcA3V2n1PQKxZwerYZQZ1hwgdDN/SVcYDhYptN5cbF3yb0+KnWpFTNpJ4DWEm4Aytnwyj5LNVXybHQ6/zE3Vvxusc4ptsGxHjEl07xceSp6AHkB6yL+3xTz8LX+J4l4gROhudSSdfZJpnEXI8EKoPXkqSf4bTEA7kn2WowFKQsnh6rmgZWE+t/RWFDi72/kPoVGo0zZGxbShFZTkKpwHEy8aQQh4vjJZIAmFm08H4rQgLFcSpw4dZV7W+0TXCHMcPRUOPrhzpGgHvOhWmZYz1ZUS4EBs3BiTyMH2M+ycbXGkTPZInWANDsduSq2lGoU3OPZueW5HTmrZtPwyuCNGuI7j8oz2NwfzC0+4Vw7VZbhThAcfA7W01206fXSMqAtBB3DIkSDMRHP5XWWo0zo21y6qLKeHZZTrtssmvVLiGAlRbQCZqMupMYnRCzqRUfuJTppqdOkp/aq/WE24UC6m2nJTlWnAS9Jt1UvibOUwynASNRt1Y7JBwuU4KA8orBZDc26Oxtk6mHHMKiGFWraIUX0wlIdqkrSps7LSTYBWf3LSqDjGLDjkb3R7lVM9TdcI16he6dtkZjsrSeiXYFHFvtAWrElWqSSl1JygUG5jMxA5wPU/or3h9MMaRq5xzPdzOwHQXHqkuCUM9Zg5ST5Nd9QtUMA0KdVWYXw9RFqVwjU8KFF/DyVlY16zfGcOXf/oDBbHmDv1MlUIEW5e8f791sOKUsjSXCwAN/GD42+JWQbN/GfE3JAHmtc/GWvrzcu12A5lPcHwuYl7hMEwPAQT6lvok8txOgHoVoeFUXsi4cwsb0ILu1Ftdr9U78KEa+FJmZaDJbAJE37wGg8jM7QlWYTLBk5p2tDfG0nS37GkezMV63BB2oUfu0/TvqX2cpyDm3NkjxwOFVzW2FrgeRK0uGogQAk+LYIF997g9Cp771X6+cZGKjS6XAtEkkuJBHTMSCTy+CSeA94sBIkwIHkOa1b8IIuPNVNbAQ6Y+m+vT6hXNRFzVLaMp1BsfkeY/e67IQQbjkR8QRup4tsPMCAIU6FS0BoPP9QbeatnYtuFPl5a8A5rSQO9AjpchaLD0mtPdGaAM0drLAtm1Ky3DnwYuBe4uQRz5a+y2jKQBEXAEc+o+ajSsj0nWXlYyptYpNpqOL6QdhivG4YqxLV5CXD6T+4KLTpFMgojXgJfqf7Eq9OyWZAVliDIVXiaZ2VTPIV10zIhV7nCUzQpktVfUpODkSC6Sc4Lg9QfRKIzDmE6I0JriErXfySoeg4jFZATOgJ5xAJJPhGicnUavJ1HH40tGQa6uPTZvnY+XiqFxJKniKh0OpOZ15udvIW8Z5lBDlpziPvowck8VUkoj6kCfIJFxm6CcXKRbaUNgVngMA+rZsAA9p7u63oP4nRsPZAPfZGh23vOgBaPElo/8O9VsW4TNokcBhmU2hjdBqTALjzKtaWKGiyt61meFvwLgUw2mVYUnyvHsSNg/trUIDWgCLSd5dNieUDTmeixoaSZAtO20XMr7BxbhbK1J7XbiQ4atLbtd5H4lfNmYd1JtRlRobeMxMAODTIA1cYdtzBWmb4jU9KYSlndEOymATEweZhaTBYBjGAHOx7YDgS4sdMw9lssER1seSpuH8VpNDg4FtwQQJDgJsYuDovoXDMtbC0qgJktgERMZiCDNiJGh6Ja6rMilw1FGe2NArVmEAlK1GAHque310T4Sfj3EuGTKxvcdmHaO9tUBmNL3OYWGBBa4kXO+UDbqV7iXt0zekkeRXuHLZsQTy0nwnVUmivYCFXY5kN9vVWwEpbFU5af31Rm+nqdjCY09pw5HbboELDyDKtxhM7jlaXuIdDW7GM0nrBnnyUafD5cQG2Zla8u7EucLAtNxttoDzXRK5rPV59meEB7TUeAASMv8rGxeP4nFoH9ObmFrcNggLTMe41HsVWcLqMYxoiIzQDHdmWzbWIVj/wAm0aQsta9VmG/wgCi7DhL/APKhTbjmlHVcS/DLvwynTxTSmHvsjpWFRhVF+FR85RWPnVUXCBwqi7BqwzBTDgUDiqbhoQK2FnRW9RqGxgTJUswSN+DHJWhpheQEBlqlgSVUYmpz6T7uj/5jzTmPq3jlt8yqjGv16ZfcO+qrM4z1e0rnkk8ypF6A1y5z0w8rv0Q9j1soucuc+BCAYwNDO8N21ceQGv081pGviGiwFgBoAlPs3h+w95F3Pj/q0C3qT6KzfSCz1fWuJyPab09SqwlWUkZtMrOrWVHHwEWpxIQqhwhK1nFEB9/FXTCy/H2vc2AcwJAAJgiNJt2osAZnxVrTQ8TTDhBVZ8qb7GIfhnASRFgdtDot/wDYLiM4d9E6seXN/peASPIg+qyPF8K5kZngjQQDOXaQmfsvXyVgMwLHgtJ/hOrSeVwB5rXXuUZ80+lCoLqjxWFY9xL5OwEkC/QaoxxBZY3HumTTY9uaVy2WeumWVmK2Cpg2aR4Ej4KVLBM/mHg9/wBVbYigwGAJXjaTItYpzVOxHCMyjLcjaTPuULidcMpPcbQ0gf1HstHqQvatcMMC5WY+0eKc5wYT2WgOgbuM3J6D4lXjPay1rkBwdXuGnLXtaA/kCC1rXjn1HQ81o6eF/LAy5s7jMue7W9rX8eSoeC4DNLgYgWIuRe3TaVpMMxwHaeXmdSAD7K9VnmPMS6N0s2qiYsJVjVHGhttRHp1UmAiUggLBtQhPUOIc1VFCe9KKaulimkIhrNWNp4ohEdjXI9DSmqCdUR9QRqsl+NcptxzlSeNUx87ojQsyziRCOzixRKX6tC4qGQquw3EQdU3+MbzCfS4w+JqE3Oo1mJnrEifNV1czI5gx4gh3yTNYxa8dQ1o8mC480jVPXz5dVsxAD4E+iGXyvH8/2CuaJSDwqdCkXODWiSdJ0naeiizXSRpHP9VbcEe0PdOzQQY2JuSPQT480wvsBQDGNYNhc8ydT6olV10VgtIuDuoZbrKtYmx5TLX2Sryua+yixZg3Q6lKyEKyk+rZIFpgobnhDrPSmIechiZNh4nktOdRbxSY6saj3uPdYJjbZrR6ke6BwqnL5ItBHnb6pzHUCxjacCS5r3uvJMOgDbK0E+cnRBwTw1hcfyvH9rhlPyPktYytXTOJPZ2Xdto0OjwNhezgF63jjWnsuMbgg/D5quqPlKPaCTZTcyqzvUXv/Lg3zN9QPipf8pOj2j/sFlarYPQoZS/SK/krU08Y2Zmesqt4hQc5xeILnFoa0Q4xoAYtJJFuo3S1Oh2RZWWDZLSDrBAPIx2fSAnMyI1q0ThJaKrGtbmeQ3M4Tlcw3LgBHhfQrTObAWYDcr2OaSx1SK7NCCH3cxvOCCMp1LRe60VHEB7GuG4vYiHDvCDyKj8k/tf479hTEoLAi4lyCxTxfRmhEpoBMKVJ10cPpuobJV5R33Q3sslwdLN1Ri1LDVMA2T4Ooli8a1TCmxiAE5i9aEVzENASL40QzinL15SspyFaQrm+gbyuXO9fpKVraI9X+2dtXu9f34JeuYj3Gtt5WrEsH813nIOh/e6jWZNwgNf1TIw6rCY4bULajDEghzXAwQWOMQR4mfRV7quiawzD3j5dEBsKOLYB2QG3dLSSWuGUOmfyuEkE6EZbTJLuGxDHtzt0uPMajrtfdZGjXmx1g+YOsDmrHh/E/umuDWB51uSbxfK0C+w1GiWszQzq5/7XVZAxD4bN4mJ2nxVY/wC1VcjKxuV3RrWAeIgvJ/7R03XlHideoHfevzZS2It3g+ZjU9kapfxz/Tv5b/hihVJKafUEahIDFDQodXEACS4Acyn/AByfU38ur8MPe3c+lz6KOLqfdmAWuBAcx7bhzTo5pIt4agyNlVUMQX5jlMCNLkz0CI6p2CwgmCHM07BJ7c9HCOzzANrzWZIVuq8q1c3WP8ZE+mvgSqdxgPHUexTzyRpYiT1/f6pXJvsdOX6eCdEdh6tkzTbIQKbOiZw58EjgValIiOSXbQM3FvP2srVwlcynfRI0KVM+CnTeWz1B9dky1gQaL2feEPJyNcQSNezPpcR5yhLzENLqDdnMdUy8w3MXf+gtdwSqzE0ml0NfAlwHePNw59VjcLWa5pEOBGci8gMfFnfzdlsEWieitPs/WLGsjcH5hPkvlFtns+rLi2EfTILhYzDhceB5HxSNF61/D+Kth7TBI+6sRPe+9DrHXutTdTB4ap3qbATu3smfFsIv4v8AKWfzf8ow73KVJXuP+zcXpOJP8D4v/S7Q+apxRLXQ4FpGxEH3WesWfW2d518osWXj3WRHNsgOYoX0o1slMvZAQqYum6gsmCrDdFL4Q2hCquSolNCpKG4KNJhTAYiAvUNki911aVaVkp+GVxNquqsIMDvHV38I/YStZoLbeXM8yf38U/iGQDm/me/+YSIy8wZHW0JDF1IECL6xoINgOfX9bUgjmheOaHX0PMfNRcoeCZCtDh+ZFNe0G6W+9OhXrSEAadIPWfD5plla4226Rf6pZpjXy8VEvuEA46tBibbX7pG08tx+i8pYgguHPLPlMf5FK5pPjp0I0XB955/7T6VPms0QSddhJki8chrvzS7szruM75RoDpp4IbDtyn5fRHYmSVKmEy0BCDlIvQHPYDb3Q24ZvduZvf6BEfUDRJKTfjyTDG+Zv8kugb7gt0ggXgjl8kqMQ6bBo8GxZS/FPJgmDyiy8YCHyQADy0lI+GsOXHU+wHum2FAY8RBXr6oaJJ8OZ8EyEe8pOe2dySTHKdyf2VB73O5gch8yoMqMYSLzb4IC1ZQkEM1Ii5gdT0Ptom8BRc05XAgiLcgfkl+GcQpyAXZfGBPgtO5oiwBtYxsSCQDykC3RETaqqlQsce1lD2hpdeGkOzMJi8TIJ2zTsVLPiA1z21GNyNblbLHioczQGgNdcZc7idso0kLsQ2bIOGYGutAnVMcaTgf2ibVGUjK9o7dM3t/Ew/mb8N+ZusRiQ5okhw0h17crr5xxTCOY4PYcrmmWubsfmOitcHxnOzN3TMPbyd06FOX/AFFz/cW2N4Y5jM7CH0wYc5szTcb5ajTduve0Kq6yjhftC6hiMwhzKoDHtd3XyIAdya7QnYwRoQbDGUmAB7CTTfdhOo/ldyI+Sy1mfY3zq3yqhjTKYqaJhrGr1zQVHWvpFjEI07qx+7hAyBMkqLEUhTpssucxTz1XfAnIUJk0lH7oKupsVr6YIgiQqbG4Ai4k/FXsoNVqcosZR7EIq/xOGDjcee6rsRw97bgSOY+YVdRwgQolqIWrxMkQ5ehdk5L1mpnkgPWO06Erxpv+/wB7qM2XjSgDMfeE0wpKmbz0TDCmkzKHUxIb1P7/AEQqz8o6nT6pYMJug+PXVJMuk+ibpQW2bI5kj0iEuBHIKTDBkSekWPjCRmMSA5od+YWePgZ6ifMFeslzR10/q39VzSDcaaOB/LOhPhqvGCC5v7zDT5jzKCqGd4E9kjz+CE+sSZP78Ew5xLuc33Im82HkpOw7SdAI1gR8bhBgMxG2Uk8hcn2TDn9kkzMkAECw8pXpZFmgDa288zqdkHEvuGjawQEGU80k+U81Y8Mx7qJyvk0z5lvUdEEsAAbE7nxOnt8UriHgCGi/MSAPTVBc61rnh1wZBuCEE6rN8O4i6mcrrsO3KeS0IeCA4GQRZNPwWs+Qqmv2Xy206jY8lZO0VPi6wDt7iff2QYfEaktjoL+ZhajgmNFSi5h0MOH8pImf7s6yNYkgyi8BxeR4BPZd2D0BMg+v+SILPP8AxsPujCZwzOaDh6kj290SVz2croz7Oi4hgIskWYcynAFNEp2PKLYU3QoyhuMo6SbkLIjMYvMwQamJUHrlyuJRyAoraYXq5MA4jhtN+rb/AMTeyfOLHzVTieClvceD0dY+osvVyJaVkVtSg5neaR1i3quDAuXKmZeoRt+/AoY2XLkwLRb3ukfFEDoXLkFQgSTJ9SiSOrj0XLkGk1h2b6wPiiQ7m3zkrlyEvIMzmA8rdZk3Ck985XcxHoSPkFy5CkH921jO3I/rCLSqwYJueZ3trylcuQE3P7Q8z6D6wlsMMz1y5EKm6z79x5bzEgnwtogww/mczoRIXLk6IFWw5ixDhzaZ9tUfheLLTkceydOhXLkEtXvKqsQ7t/8AUfNcuQMvHm0JBrsrly5JTccKq52B3r6BPhwXq5Y6+tsfHucKLqgC9XJKQFUKbHjmuXICb645oGfquXID/9k=', 'Phiêu lưu khoa học viễn tưởng trên sa mạc', 'Âu Mỹ', '02:35:00', 'phimdacbiet'),
('dh52006616', 'Shang-Chi and the Legend of the Ten Rings', 70000, 'data:image/jpeg;base64,/9j/4AAQSkZJRgABAQAAAQABAAD/2wCEAAoHCBQVFBgVFRUYGRgaGxsbGxsbGR0bGx0dGhoaHRsdHR0bIS0kGyEqHxsbJTclKi8xNDQ0GyM6PzoyPi0zNDEBCwsLEA8QHxISHzEqJCo2MzM1MzMzMzMzMzMzMzMzMzMzMzMzMzMzMzMzMzMzMzMzMzMzMzMzMzMzMzMzMzMzM//AABEIAREAuAMBIgACEQEDEQH/xAAbAAABBQEBAAAAAAAAAAAAAAAEAAIDBQYBB//EAEIQAAIBAgQDBgQEBAUEAAcBAAECEQADBBIhMQVBURMiYXGBkQYyofBCscHRFCNS4TNigpLxBxVTciQlNGPC0uIW/8QAGQEAAwEBAQAAAAAAAAAAAAAAAQIDAAQF/8QAJhEAAgICAgIDAQACAwAAAAAAAAECEQMhEjEiQQRRYROh4QUycf/aAAwDAQACEQMRAD8A8piugVIQBTkHOmJjAnX2/c0+J/t97U6K4AT9wKxhtcYU/LTWFYxGajuipiKYwrGIFqS3SVedcQGf3oGLnh6HSrlREedZ/B41rbDMojr971bti+0QldSJIHmaRoyLuxdOwp15ZMHnWbTjVxNAqgn+ozVpwpb73A7suXmBEfTag0Gyh+IeGG0Qw2Y0LwzCyGczoBHqwFar4pQtaUjk36GqzEd1lRflgA8pMCaeDsEugFdeQpxmIj6j9qlxdsq3Kmsuk6en3pVCWhitrBURH5V25hwDEj6n9BSCzXRMgxPnz/vWBT9EVywAOX+0R7k0Mbc5somANh1PnR2LYsAYO2g/eosLhwVZmE8h08fPlWYytK2VjoRSqwuWRrGn5e1KhQ3IGApwFJV61JWo1jaSmf8AmlmAIk7+v5a1MbZnefHYfWIrUCyIimFaKNtQJLgeA1P7U0PbnZj9KNG5A2WnLh2JhQT+egk/rTv4ph8oVfIfetQviHmcxnzoUMpMTWyJBBB6ERuJG9PtWCdRrXGxDXGJcy2VRPXIMon0AHpUuCbWKDMmSYxgUAj5RA5ATvoNKtfhJAyuCJ/vVJinzGBsK0fwgnzRzFJLoaPYPd4GytsrL4iryyk5SQAQAJGmg5acvCoMdiil1cw7rSBy1FWBIyiOdI2x6BOKOoRM22YnTw2+tZm7dLNI/qkeZP8AxU/xXjWW6ltT/hrr0l9YPoF96rrHHbiBwkDOIJIk89vIwfQVaFJEZJth19ifmHeGhB6jkRXGvN18+ntVVb4jcH4s06ENqI9dqOwWKW4RbZQpJ0fMQB5ggzO3LU06FqhwcjQcz9ijMQqQuZcp0mDr7cqgVVLfy3BgmJ7rHxg+FNxNtvxAj75UaJthWPwoS3ILHzM0BGh7xOUjSIETGn0o7E389uDM/T6UIqbyQAw6joDtM70svwMW2tkF1pMciRXKYx8velWHitDBUiiuKKkt0aA2d7OPPwFT5ysgHcER4UxBrSurRSEbBwpAggbyN5/aPSmFTRDX1GhBJO0R+tRselbRrYMyVGy1OwqNloUUTIVaCDU2aDI2qFlp+Htsxyjn1Mbc6AR7NqY9avOCXHtlYPzT7Cqy3gl1zvB8BRSlbSzmz+AYifsUj+h19mnxiLcUK+v5jxFKxiFt2zcuHRAR/wCxBgAeZoLC9lcSVYSO9qYIjeQeX0qj4txA3CFU9xdv8x5t66x4edLGNs0pFXjbzXHZ2+ZiWPry9NvSolWpHXWkUqtC2MgVMibEHXfy6esz7VHbsy0URata+1FIEmhIGFFYfEsNDMeZ/LamKhLBBueuwHWjcRgmtAO0MpIUkCIPQz5UbSdE2m1dE18KCTbnIT3ZOo8DHOoraqdeddIOUeZP5ffrUYFM4ixeiB1160qfcWlS0GwdRUi01BRFpKyRmySwnM1wpMk05SzOLa90QJaJMttE6Dz8ak4pb7O2y5s2oAaIJB6jkdCKPJXQOLeyDDXVV86OBCn5oWTGgGbc1CiKRAmQNjvHXxoezhWckW0dxpsPKfrNTYV+zujOCArZGHMDY/XWlT2PJeOhwcoeXI69NdajdCwNwDQkknlqenIa0Txqc0DReUdOWvPSouHMYKnUGs9MEXcQJ0rotBYJOu/gKlxTZB1J5dPE0/AYENbN1x3FMMSd2Oyj3EnpWkh4PVk9kZ4yW5nYxp77VJiOH3LirkFshZnK6EyY0ImZEbeNUOIxjMSJhdoHOKgW4RsSPIx+VTKUyzxFt7ZAYEEciCD6UQluRMEH8Q/Wg8NxB5Vbjlk5hpbTqBIM+tXSlQVuK+dG7skEEFfwkHw1FUg1ZLImkVTWdaYUqzezB025GmNaqnAkplYls5jBj/ijsLbIYyeVRDR20n/ipDc35TpQSS2PJt6O4O+DccxJ0jymIiela3jVpBg7jGEzkNBEd6QQIE6k6VhMpDjLPhWp4tiLb4TIWZnGUsdSQRoAT0kif3IBhNNtMtGkqKvDAkDbvRGsQf1pEsN/y/b9qdwtS1uQJytBI9xPSiLiSZ6/ZrpStWcjdSaAWudfz/eKVTOnXpSrUG0DW1o6wlC2hQeMvEuRPdXSOU86W6CouToOw9ycTlWSCVkiN1ImOUaCifia7nuZpnQARqIH571RBmBDpII5jfpRdsFgRr1H5+nOkVXbL8HWvQzDYu5b/wANyvl/eo2YksSZJJJPUmntb09aanzedGheRaYq2vZgBtu8siTlYDuz4frQNrG5AQok8idto9a0eM4OVwdnEBg6OMrZdezbYBjyNZEiCRRbXoSCbWyN2LGSZNSXsSyqF5dOoOusb6/nXMtWlrhDXWtoBqVzE8go6+hX3pJdFo9lZZ4c1zWQJ8KJtfDrkwXA9JqwZxbcrkcquhIFWCY+2IeDA8K5nJnQkiixXAMk5WmOtPwIPYRyLmP9Ig/Uir7C4jtbgHZsqtzMbVFi+HLYhJP+JcVdtQGGvrppVMct0yWVa0VqMV0IkH7miRY35iusI3iNvDz8NKAzkNI2GldkWcco30T4a3Dt6UJjnHaHSRt5xRttTcl1Hn0FAOkt61pLRoPyshca7wR05E1NiLhLQG03HOD59dfrUSpLBfvYmi0jKQRvp5fZqVFrIVtspV9AzmRl0aM0HTzEARVobwC6mSJHny5VXYhQrLO0eR06zsKmY6U0NEsiuiHE4onQCK7UdxJpU2wxSolZ8qM3QaefL60AlhmRmGy6nxoy9/ht5VFniyAPxsZ8lj9YpZBg6Wvsgw7RVhw+6vapIlcwkeEx+poJLXnRlrDQw35ee/hSqLKTyJKiTHJDuAIGYx5TROJ4Ddt2rWIeAlzVddfs0sXbOdgQQwOoO81p/hji6ZThMUA1hxlE/gOwg8v31ppNEMfJoD+FOMLadrN1c2HujLcTkJEBgOo+9qrfiz4cbC3MyHPZfW3cGsjo0fiHPrvVrjOBNhbwVzmtsZt3OTD+lujDpzqw/j7dlDbujPZuHvW+Yb+u3/S3Opp1KmX1Vo83itn8IgXEuKD31slfHRw0jzXT/QazGM7PtH7OcknLPzR41Z/B2K7PGW5MK+a23TvoyrP+orRyRuJoTpjThRJJJPmSalwVpTacfhLj8jzqTjS9m7qdNYoDDYlv/IIJkjKOXpG1ch2JoteG4D+YiruTpHnUXxyQMWyIfk3/APZon6Ae9Wvwq6i6Lh+RAWk8goJJPkAayV641x2uNqXYsZ6sSarhjcrI5pJKiMXm+ntU1lg0LsBqT1P7f3qHIa03wpwpJOKvj+TbIOX/AMj7qg6zufDzrro5HIvcLwc2MB2ena4kZoYaW7YmD4MxI32nwrz7EWWVirAhhoQd9K9PxHFFZHvXGAJ1P+UD5VHl+c0Lh8CqWXxGKthmvrktWYAcLuGLbqec8tPCpxm7d9DTitNdnnWHtHMDsCCJjSpWskfLz3BaPLnTypG5II0I1FSowKQd5q3EjzZW3QZ2jwoy3qNRqAB6VBigARFTYcDLp6/flFCK2NKXicY+FKlcpU1CEG4I60OqmADyn60VMCin4cf4dcQfla5k08m1PQSIpGh1LdEGDwzXGCoJME+gEk09bmoI10Ug+xo/4SxHZ4pMxEPKa6fNESeUnT1oj4g4G2GulQDkbW20bjmngy9OlK3q0Gk3Ug/HYX+Is/xlsSwhb6jcMojtB4ERPvVclkQDyon4dxtyw+dNQdGQ7MOlWWK4eHDXcKpZN3tD57Z55R+JfLakavodNR0yfhuKPZm1fXtLDcj8ydGU+FU3xTw4WwjC6HQz2evej/MORG1WGdrlsrZVnciIUbE8zyAHjVNf4SlkFsRfRMoBNu2RcuamBzCrJ5k8x1owlryDKG/EozbqbEYJ0sG4ysq3O5bciAdy0TuNAs7d4imYjjgWRh7SJ/nf+Zcj1ARTz7qzpvvNficfiLixcuXHG0OzNAMHQE6GROlCeRdIrjwO7ZaPxsXFHaauBGbnpyYc/wD29+tNtYq3yLz9J8orMkEGirt8ZRlOp3jlXO4l+jTYnjComQNBZlLxvlVgxB8DEZefPpTL+EZVV9CrAE5SDkJAlWj5SDMTvyrL2EJM0dhsVdtMHtOysDMjmfEHQ78xT45cWLPFzjfstAtWi8WuOqW2Pct/KoAA15mNz4mgMPx2xc/x7JRv/JZOWdNS1tgVOv8ATl3rRcK4aFbtbRtYtR+BXAcHxQ8xvAJrqjOMtHFPHKO6LLhOCRQMTitLY1t2z+NhsxHMdBzot8Yb7tduaEiFWflXp51ncVjrly6TdBUj8JBGUdIO1GYBGuubYbKg1uXOSrz169BSzg3pCwmo7kcsYFLrX7zLKIhRTtmuHRYMcpknoKyzowJBEEcq3eJxdt8tu0uW0ghB1J3Y+J+96q8Fhe2xiW1AIUhrjRsikEyfSPWjCW+KDONrk9GOxIOnrU9jRddNdqO45hlXE3Vtg5FZss9Af7UFeUocpEVWCV2SldUyNzSqJ2rtAaiNm0rU/CLLet3MLcPdOw6TJDD/AFfp1rJGn4TEvadXQwR9RzB6g1PlQ7jaosuJ8LuWXNu4O8vs6HZ1/XpWm4VxhcSgw+KMzGW5+IMNmnr16+tPwuITiFtUY5L9vVGiZnkfDqKpsRw+5aco65WGpHI67qeYpap2ujJ8lT7RaYrA3MM2W5GVvlcfK3l0PhRmAd7Th0IBEzOxHiOnlrUWC4z/ACzavLnQ+pHv+YoLH4kWgBZbOjye+NViAF10OrEyf6RQmklyQ2O5S4sovi7j2IuXGVbrqkk5FOUakmTlAnWRrO1ZVFMkkTzPqdzRvEW/mmd4E+oB/M/SlhiJ8T+lQbO6EN0ugZnO3LlH5ij8JdB7rRJ2PI+vI+H9hUN+wBqNtyo5dSvry8abbXlOhjykcx0P96Xsp1oIuYBWmCJHKf03FCphQTt76+3Wpgp0nTeGG++gPrRAhtCQpHMa+330rUwNp9oiS3yGgFR3l9vz/tUnZkmIg/Q+dcKknUa/f0rJbG5WqoF7KnpYdTKkhuoJB9xR6Wgonc0y5c0gbjSng7Fy42kmi9+HscLrC3irrlRorElmB5qJ/CevKBV7j8UlwG1aGS0uwiCzD8Tcz61hMAj58ybrrI3EEa/X6Vt+FcNu3LasNmHeuHYQYmeZIj3rqwt9M4Pk44x8wSyLhIt21LOdBH5k8h41f4fG28Dba1bh77a3H5BuQnovIdfWo7+Mt4dDbw/ecjv3Dv7/AKVmGnXcsT6kmqyhSpEIy5O30iRLLYi+lpN2PePRfxknyoj/AKgXrZxQCCAttF84mDp4fmKtcD2eAtF7gm/c5DdV5KDy8/2rG8Wvs9zO3zNJMbeAHgBoPKhxUdG5Obb9AhNcrgpUA0ciuotdyaTp7j96WUip0MmWGAdrbh0MEfXwNbheJ2MZbFu73XHytsynwPMee/1rEYQA84NGXLRVVfTWefOfDwg61SGOUuiWSaTW6YficJcsNlfUcnGx/ao+OX1XD22jvFXIJ2y5iNF08dTI20qfAY65HZkq6HcMJgbmOdVvxDiUuOACMttCAOXSAOogjzXxqGZKK0dHxOUpbMfcZmLMdSdSakwzSQNvvfwqS5rPr+WtB2q5+z0340iyzZvMfry9aa9vTTnqR+o/P39W4czp9/WiVFZJgdNbIEHXbr+9FfwvWdDpvpXbduT96/3/AGqbITEawParRxt7JSkk6YMyctz1/WiTgmRQ7KQG+UtC5wInJPzAeE1LYsajSddfGheNWrrlXuac45A/KFXX5VVVAjYAczWlCkaM2n+nSmuv/FB3kg108SZcgn5fmExmM6SRrtUy8Ra5cQraQERmgDvAEltGJUaeFGMYo080mG8D4Y10kgMdCRlGZj4ADWta3GQUNkg5bcKdiAxHe7yjusCesGCKqMdxq66lM7BD+AGB5ELAI9BTvh2LguW2OUGG0Exk/WGb/bXWmopKjhypyTkwvDXQ4ChAzTppvtVtbw9vCJ2tzKbp2Xknl1PjQb421hx/IUs5/G3LyHKs9jMY9xibjSZqkmzhj5a9HMbijduF23Jqtx+6+RonMKgxjAgdRUHd2diqqQGzUqZdFdpbG4heIwuW2rDcsQfTLH5mpcOrqhbY6EHSfmg/lUK41iArQVkGOmoJ94HOjsRi7bWVA0eSCI0y58wMxvr9KrJJytE7dUwbDWi3XT9j+1XmISE12EH7+lVOCvtbMrHqAQd9wd6tTizdtqjLBDOSygaooDHczIq+N8E/05sycpKiXh8Klx2MBUHePVzpr9I5zWUvXoLbjNJ13HIDzA08Y15zdcRxZSwqyDnefEC3oDHnOvh51nnfNt7eW1ebmdyPW+HGo39kLab9KY1koQDzVW/3CaOwOF7S4q8j83goIn3mPWrD4gsywY6le6TzjWPb9aEMbabDmzpZFEq8MlWNrDnpUeFs6VfcOwwJkD051SGOwTycUAJhmEQPvx6UTh8JpOp1PloBV2cMCZIgabTrH/NHcL4dDErJGYe3Me1dmPEmzml8iiowttMw0+v6fWKNv8NV7TsckKrZs4hV00P31FErwggyIVZMsxgCOZO1C8d4el1EVbroiN32cQrtrGVN3ZdY86aeOnQjn7TPNrmHOUE8tD5gD96K4KVW4Gf5BJPU6HQeJrbcSfBW7CIRmdNVkEu5GwZmG3KNgCdKxHEL5DQkqvzTMsZA36RFcuWHB2VhNzVUXdy4r20ZRlBzEywY76AxtpyHOfR3C8XbtXUbKRrDEknTUHTyJqgw/FnXRu+NNyZ021mak/7hbJnKy+oYfpW/pFx/Q/zfT6NVjozMOasfXWqvE7yOdEW8UlxZVwzQJH4tABJB8uXWhbp1q/as4uHF0QM1DXF1olo51BdNTkWiDOK7TjSqbopYOj+1TqfT1oRDRAaNvaniwSQTbuEGi8PmZ1UEgsQs+BMfrQIugn5Ynx0GlWvw8k30aM2TM8aalFLDfTcDfxp+WrJOJXcWxGa6VEAJ3FjXRdBP3qZNAsG50WcI7MzMJzEkwRuTNNsYR2aBOmpkagdY6VxVezuWTiqDOG2u7mG509Afv2ovEWZVvL8qVm1yAj71+tWVrC5lI8DP19q6kqjRwTnc+RXYTCMUBAmTV/wrDkHUelGcF4V3RJjTQb+orYcK4QrHMwBI9xHhXO8yh2df83kWmAYHhLONV+lXicMKWzkHeOg8CY11InnR+GEKMp8R4kRKtHymjMTiREDpTQ+S5vx6Fl8eMF5GPOBNtCLzm5LGFaIjfYab/wBqoviXBtesnsoBXXINA3hPX9jWq4qgK8zPTf71rPXGAGlethVxs8vJlqdo8pXCXLtwICM5kAMYE9JPPffpQmLwdxAjXFIDCVbkw30jzHvWs+IcB/MW5bQ5pJbLzIgg5eu80HxTjKX8OLRtw4ggrEDL0EaDKDpymo5sKdtnoY8zlTXXv8MrbtFjCgk9BRVrhrkjMInxE/2qbgo77eCn81q0M8onTU7+nSuWGOLVspkyNPiiPgWDAa7rqEB13jMM0esenlR/Z+FR8ItkXR3vmV0IjQ5lOnvGtSvc5bU0a6RzZFLlbBrqLBkUEzTvVhcaNAJJ9/v9qqr7mTSyGgrISxk+FcqO++s0qkW4g61OrUTatCeQmNwY230kjl1pdkRDaDYiCDuJGx0oq0ZyTGW1nrWk+HlCjEPsVsMB/rK6/fWqJLR2OnP3q+4VAS8I3tj1htvejJ+LJv8A7IBsGirAk+IBg8waiw6CKns2GIIEjx5jx94qUI7GyTVMdh2V3NsNLqCSoV3IAOpORTAHMnarvB4UkOoOuU+Xq0wB47VmPh6+MJeDODm1Rz3mkZvmEd4TA2qw4gb1265MpaVzIUsoc7yAdT5nah/eVuNf+DS+HDipcqXv/RvPhW5bzC22VyNCRqEOsa7HxiRW1a5pCRr0rzP4fe6sBUKrynRY82P1rV8P4qtt2DEGQdUIYAgTBI0k8h59K4Mydu3v6R2YXGvFOvtlriJBOXTXU9T+tUuP4plMAz40FxLjhbXpp4VSY/FyARpP3zr1fhY1GKTR5/zMrk3ReW+IAzmJzAE+HLn98qr72NUqYUCPwgawfHwJBqjOKJ1k9PP70oa9iDzNerjnE8zg2y1tXkVwYnUATy/fWKo8Pw1f4q4QhCDMASsCXGuWeQBYT4iiLF0Hnz86vMbhlVEMHXx5+v5eNVyTXr2Vx3BM8yyNhr8Ou2ZSDzUgiR16jyqztvMMDI5GtDxLD27ilHXyP4geoPKslhh2F5rVxu6RowHM/KddhyP6xXlZPF/h3wnzV+yzwtzK6tIBBB9jMUdj8Ki3HXlnaNYgSYj0oXEcOuKqXIBQkAMrBgeYOmonxg+FWrW1zkOSCw07uaIWZOogaD3FLB22hcmqZXHEZdAIgepjxqsu2RcMju+O/Lx39K0T8Ee6Jt3EmNcwIn11rP4/DXLLFHEEcid/KN6E7SDCcWMbDwPnAjqQV8soBIMcjFKhmYnXQ+ED60qjbK2i3wdgOhBWSFVQfN4n2BqtvWlUgBgW0mNQvhOxPvRl7HHKY0LAqY6HXblvFCXbACrBJcsR4QD+5FXn0c0E09k1m1cyowIYFtZAMMAdw3hVlhBGfbW3Gw/qHTnVVhcUE0ZQ0HYsRqCQYjwq2wzKc5WQCIAO4BaRrz0BpLXEad2DpbO1W+HQDTbYT47zVTh3lgT1n2o1zH34U0COa3oy/EMQQzIFIyuzMzHU66ARsOfrVlg8fjbqRbburALtHdnbvEFh6VXccM3nieX4QDsOY1b1q4+Hmiy6jSXtk9flfc+En3rla8tnrLWJtfSZb8L4Z2a5nuG4T5geI6mjsViwoy29BGvryoWw/dygz18Na1Pww+DFk9ubQfO3zBScv8tuYJ5EDzNJKKi+VexcF5m4Nvr0Yz+LJOuwriXHeQJPQQT+VekHEcNDL/8ATmGmYSNwIOmoAuMddivhWexSobzm2bRH8PMgIxDKBMKFyliRBAC/MCNBFdGL5LbUUhfkf8cowc76+12ZZ7dwaBXjrlaJ9RTHzQSUYeOUgVuV7Aliy2oLvuifKHuRAy6aFIjUiCOdVvxDkFhsotqJ0KqgJBuAKugkEJqCDoA4Yd5a6o5d0efLDUbM8ljKoY9R4idOdWK3HdAQxkeuvgDVFavSY2U+Ok8v2qywF0ZSAYg+fSquZJdbJnRneXJJ5nrQPH+GB7Z2LDVZkGfDlFTvaIYMSDzG459JqV7r3FZZ0IYaSDsdornySvRSLppmR4LhmLwSdwN9vv8AWtzeuZCdFzBtCFUH3idt5NZLhoNtlgHRhNai9hRBm4sTPpM8/ahj1ZXO7aDF+JMOiMrIc+WQwadTtII5VjsfxoXG/mKHA+UgwR02q1HBLbA5rhIjSCNNKpsdwRLZEvyJ23E7k7Cs77BDj0TGxYNtXRpdmK9lBLAATnzQBHLrSoXDWwgOVkBJiQZP186VTKgtl9RP5/fSixebIOQLddyFk6eoM+VVSHb7++dFW3MHvDTYTr3tD9IrKVqgyjuyd2UuCZjMSdOrax6Ufwz5ys7q2vLSTNVSN5e48KKwl8oSRvlIHnr+1M6rQjToIa7kc5fwmtZwr4dN+0l03AucTATl/u8KwyHrXoXwjx+0yJhyCrqsCYytE7Hr4GpScktFIQi35FZjvggNi7dvto7RLjk5NuzyACM2s5/pRfC/g8C/fw/amEW0+bJuXzyMublH1o6zgXtcUtv2jtbe1dKq7M4RpTOFzEwp7pjwNabCJaGIuOhHastsXBmkhVzdnK8t2151zW27O3pcfVGL4fwftcTdw4uFeznv5ZkqQNp03obivAuyxdvDvcJW5li5l2zsVHdnkwHPnWn4IVt3MfiSpGW46+YtgsSPMkDzWpfivDC4+Dvr+G9bBP8AluMpH1A966Fld6+jjeBU/u/8FJf+Bsly1b7WVcvLZAMpVcwEZtZ19qK//wAUHuvaF2MttHzZJnOXU6ZtPl+tbW6gYrO6mR5wVP0JoDCH/wCNu+Nm19HufvQ/rOh3ghaMw/8A0xXU/wASev8Ahj/9qwNm1mIGg1jx1r07B8IfEPiXbE4lCl+4oVLkLACsIBGm+1UNv4XsjBrie0fPkW5klYmRpETVIZau2SyYrqlQcP8Ap0OWJI/0f/3Udr4M/nPb7aMi23kJv2hfSM3LL9aP+P8AFXEsWzbd0PaCSjFTBRtCRymKE/6d4u5cN83HZ2AtjMxLGAXIEnXmfek5TcbsZwx8+NA2B+GO1Fw9qQbdy5b+WZyaT83PpQd/gjDCdut4gG2r5AsTMaFp21rcYZLarc7Ig5ndnhs0XD848D4cqzOJf/5UNdOxT/8AGlU232P/ABivRi8FZBPQgz4HrU1zFgchPnP3vVZZxRDGNipHvt+ldQAn+/61ekcsu9k2IxhX5APM/p+9Q4vGPcTKzACI2kxPhSvJOkadKrr+VTAHn9ikaSGhQ2w5QyJ3+/WlURvg6UqWkWOsgXQ6eTTUltwOcf6oPvNBhCaktggz066/nWQ7oskcbgn1c/oaIcACcwM8sx/equ2nWrI3VALHTqatFWQk6GrG361seC/9uFu09y5YW4oUkm6FIZTIkZtSI515reuM5hRpz/uatrHYixka0puEEZ8oInMdZJnaPbpUp3LSKQSjuR6fc4rh2v2nF22VVLnezrlGbJGsx+Gm4Di9hcbiHN22Fa3ZAbOsNlzyAZ1ifrWHLWyLhW2crur25ULlQFy1uZOXcCR/TTi9ks5VD3rZVZRAEY3MwIA5BBlzamST0FZYQP5JueLfFmFwdosjpedrhbIlxcx7RmYsYnQeXSrDC/EOHv2VL3EttIOR3WVKPI3j+kH1ryzG4zCm/ZAs95Qe0ICsGm0FVgraSGBeNjod5oh0Qu7G0VQ5yEIzFA4PZkgkBspIMHfLU1CKtNlJZJOml32ej4r4pwyYiynb2yri4rQ6kKYVkLEGFGhGu+aqzivxZZs4xbiuHQ21V8jBhGY6iNyOk86w3EMHZyHslVXzhx3VMBUUEafIC4ZoGgzRVd/FqBbD4fRTcz90Q2ZYSG3IViTqenSjFIzlZ7VY+KuHlSyYqwufUy6oxMASwaDMADXpXjB4sjfOoQmYZFn0Ike9A4/G2HRxbtZGLhl7q6IEVSszI7wY6bzXMDjrK9kLloMEdy/dWWVlAUSdTlOYweo6Vo6GlFS7PUOB/FuCxeH7HFsquAA2c5VeNnVp0PqCDR/CsVgrFy6bV2ytrJb73aKVLS894mCdvcV5CcbZ7Fk7I9r3stwQsTcRtVH+VWURtmI1B0k4dirTW0R7eZ1uhy+hzIMoNvU8+8ddPDWQKM9bPVOE8XsIt7Petrmv3WWXQZgTII11Bqsv8RsnhwtC6hfslATOuYxH4ZmfCsxhls5FV7Kk66Ftx2wYggSAQgyKwIIzGQdI5irFohwoLEpC5ltqVcMSCuXRVywDuxg6rRUPYjmuisZdzUbknXSobDPBzSDPPnTnFdF2c/Fp0duX2PWhmcc6ew6xTHI8Km9lIoheT40qTNSpKKk1ttfpTqjRqbeeBRsFBiMBzHr4VGWFxgJ9/rQS27hEhWI6hSR70TYwDkyM+n/2zodDB8dR70OTejUltsNTBmRGSBp8w58zUr4Yzqygb76VEjsJmABpOXppr0OlNF7YlgQAPw/3plJok1ZLa4letMVR1dCZytDL6T8p8jTrmOFyM2UacjGvoB1oRirjR1EajTU6bRNDuTOUEEnkqydJ2AOtK37GUbIyjB84dZmdzz25VaXscSmUspaNDJ5RzG9BDDsxJCyRvFtiRy1g6ayPMGjEuDKM6iDADBDEkTAPMwZjpFKkrKSboitP82ZwZ0Ou8fnRK29CEvMo/pBBHsaFfBuMuUMfNG1kaR1mJ5bVAlpgSASZXMO6TKknUAHbxprE4v0FHB5j3mQk+GX8jE+lQNwluRXnz00jSfWpMt47htDP+E2kaH05GnJcuyF/EeQRpGsbTMBpG2+la0GpIBu4Fl3K6+Pn+31FctWCOa6qee3T6xVmbjwWMRA/AYIb5efPWOsGgspUwYBXcFSCPMEzsfrWdBTbWyxwd7MArZJXYz4ctKIvWSNMw96pLlyPxDmNF2H+6iv4ljHeEgR8pAP1jkPemUkSlB9o49yPSmqwJ30rrXCR3mXWdlPTrOtQvYjZgfSB70bMkNuNBioHepmckaj1jf1oV6VsrFDWelTWpUllKCQ1Q4hq4WMTGlMZydOVZsCjsns45lAACmOqyamTiriZ1ls3IawB0PICq6uUOTGcU/RZNxIkEZd/Ec/9NRvi2jLm7sRl5UDXa3Jg4IKXEtOpM9Z/XlUljFlXDzrqO8CRDKVO2+hNAE0q1h4ov/8AuksbhuLnhV+Ru8EdLgYnN8xYQTzg8zNc/wC8MCrBkLKcwbIZByIh0nLBCxtzJ00ihBpCgGi9s8ZZSCCghlYd1jlyoLYgZte6Boa5/wBxCtnDISECQUaDlMgtJksIABMxA2gVSRXKxqL08Sk/OoCnuqEbLq4uMYmQcygeQqWxxx0Ih1A/pytlBNwuTGaSZJ9KzwrsVjV+mgv8SDqyl0hxbDxbYaWpybN5Aj9hVVicYzOXkAmNhpoAJgzrpuaHSmNvRAicYt+R+gpDGOOf0Hh+woYUq1hpBf8AFMRBPT6bVIMa666QaAroNHkDggw4osI01j6UwnTX0NDUpNbkDgvQ9mpU07UqFjUObc11KVKgYa1MpUqxkKlSpUAipClSrGFSpUqJhCkaVKsYcKdSpURRtKlSoBG0qVKsEVKlSoGFSpUqxh3KlSpUwD//2Q==', 'Hành trình của Shang-Chi', 'Âu Mỹ', '02:12:30', 'phimsapchieu'),
('dh52006617', 'Eternals', 75000, 'data:image/jpeg;base64,/9j/4AAQSkZJRgABAQAAAQABAAD/2wCEAAkGBxMUExYTFBQXFxYYGh8bGRgZGCAfHhkcHBwgIBsfICAcHikjIBwmHx4bIjIjJiosLy8vIiA1OjUuOSkwLywBCgoKDg0OHBAQHC4nICY3MDEuLjAwNzcuLi4uLC4uMS4uLi4uLi4uMC43Li4uLi4uLi4uLi40Li4uLi4uLi4uLv/AABEIAQ0AuwMBIgACEQEDEQH/xAAcAAACAwEBAQEAAAAAAAAAAAAFBgMEBwIBAAj/xABKEAACAQIEAwUFBQUFBgQHAQABAhEDIQAEEjEFBkETIlFhcQcygZGhFCNCscFSYtHh8ENygpKyJDNToqPxFWODsyVUdJPC0+MW/8QAGQEAAwEBAQAAAAAAAAAAAAAAAgMEAQAF/8QALxEAAgICAQMCBQIGAwAAAAAAAQIAEQMhEgQxQRNRImFxgZEyQqGxwdHh8BQzUv/aAAwDAQACEQMRAD8A0uomK1RMEXXFeomIyI4GDaiYruuCNRMVqiYUwhgykRj7ErriIjC4U+x9j7H2MnT7H2PsfY6dPsdUqZYwok+HXYn5wCfgcV81naVLQKjAF5iTAAHU+ZggDGKcazz/AGguhZdD9ohEzIIio0zLWF8UYcJyNUB34i5t6OCJBBHiDOOsKXKPFlTL/eaFIKmFN21xLFfwuSSSNuuxw2yDdTINwfI7YU6FTRhg3sT1TiVWxDj1TgQZ0to2JkfFNWxMrYMGCRCmTEyfAY9Vse5RYSfEE/oP1xLQpqDBvI3/AIYYDBInitiVTiu4gkY7RsMBgmTEY4046U49wUyeEYjdcdI2Ozju86UqiYrVEwRdMVawABJsAJJPQDfC2EIGD3TFd1wBzntDyKuV1swE98AaTBi0sCfUDBPg/HMvmgxoVAxX3l2YDxjePPC2QxkmIx9iZkxGVwmbOcfY6jH2nHTZS4nl9dNgB3ohTFwTYQdxcjFXgWSpChVorROkKB2rFtTNqnrTE3AMAkT5TPHGeZKeXq0qTAMXJJH93vL82UfTxwYzWedqKhadRjB1aNPSPGbnx9b4aCVAjMacu8WeA8KQZjUtNqduzdHlu97wMuB0VjIA9BJBZRgNzNxCqBVdF0hKFSsah/ARSdEA6ajUqJv4HfBTh+ZFWmlQbMAfnjn2oaA4piPpJsfY7K48jC4M+BxLTbHWWCz3tsctSO4BI9NvI+Bx1zqhurWUAx7ugR6kWx3l31Ip8CR+uKVZCwCr0ib+Fv44s5UwIkaF6/tHcx+WDBmESTPkavOBOIkbALmHmjL5clqr3/YW7fETb4nFLhHPOUrNoDlG6awADOw1AlQT0BIJw1bgERwVsSasVVbEurBgwakdN8WEbA+m+LNN8YDNIlojCT7UeMdhljRWe0ryix08T8N/hh0RsZl7Qs2zZ+gop6lp02B1e4zNpaPXSNvPGsaFzUWzUpco8FyOhVqUkdjI1PSnUQJMO6wT6HFniXL1DL1qecyYUGk6rXpowIKOQhMTCkTttE9RgxlqdDLLQRdemuwd5NRwALsdIlQS0TYdTg9ksgopVWFQurB41BTpJn3SBMT0JPTCEYlu8rcDj2ntSlfFXMuqAF2VQTA1ECT4X64t8bzqZek9aoYVfqeg+JxmuZ4Fm8+KmbWpqCp90JCqCT3kSB+zYkncxO8cEuIUXH+mARIII8QZGK3FM8lBZbc2VepPljJOUuOVMrmArlkAMVKbbEHe3j5jDdz3m1ata4UW89jY4WV4tRm/OZ5zbnTVzLOZBF56rFxHh0xo/L+ZznYo9Sqx1oDdFkTeNvh44QMxQDVBUfujcIJvBsXJsFkDYEnwG+Nl5Q5joZih39FN6aS6n3dAtrUkA6PGbjruCasmJ2xgqNTceRVc33mY80NnEKh6jNRrEI6wIMNqVdp3vvvGGv2fZ0kNlzP3ZET+X64Gc38yU8yRl0pMKIYMKttZYbQp2XyMMbG0QbvBeGLkQ+a1M1SpIpUyxhze7Aid/Q/EY042GMB9QS6sxK7uPGYCoup2VAdizAT88S0srqEi4OxFwfjijwjgqhS2YqpWzT95tek6DFlRD7iL5efiZq5Wp9nqQKxJ6pqlS3hp/CImPhidlAhhSYUq0oxJw9iW0xI6naB1MjYfTBAqGGoDcAi23zxQZI1irUYjSbWCIPHzj+pwozBPMwkAP0MhVU92BsTG5/njha7NAn0HSemJKFD7vs13A1QQAL3O1h8PPHFOj7hggtPdO4jp4b2nyximhNYWZlma4Nm8y1Q0qJrVFYh9UBV+JiT5fMYBcR4FxCij0qtAaCNUikhg9YIEjeCBjY8vn3ytCnFJ6xYOWNMqoJNVo94qJI8MBOYeYCFAbLVQ7ANDMohdUeJvY7TYYpTIVUTvTDmHuTeJnMZSjVJklSCTuSjFCT5nTPxwd1YG5CmqKVVAih3hRtBqMZ+O/wAcWtWCuIqQU3xapvgbTbFqiSTAufDAAwiIRR8KXtLelTyxqGA+tSLwSV6x13APlGLHH+b8vlVOpu1qL/Z0zt6tsI6xJ8sYbzTzRmM1UR6xBA1MtMbKHO3ppCwcOVSwg3xM1Tljj9DNMhFXQ6gBlJaD0Jswv9OsYf8AJurEop1Bdz4nGE8B5QSpS+1NUZKIUuXW8BZ1C3UQcWF4vWoFK9EVKdNf90rCEYhp75JmoWQMSQNI2BthYAulj3duNmaD7ZMoW4eYMRWpyfUlfzYHEuQzGY+xdhRprR0KiI5sCpgahqBg+MgwTt0wo838/wD2vh5Q02o1daFYIdXIM26iCBuvpODfB+b1zmUJCv2iwtREKyt5JJYHuSBcAn64JrCwcQs1A3tC5URKT1arjtYJTTM90W1FiTLGARte2F7l7iPasuVrkakARWFwe7AV77rsDtsLRc97Q+LaqaCosO1NlSmSSbjSjEMoIj3rgG22M05e4glGqGdSygzYwQQZUgjzGOVSyk/iblADAH7zTOE8AWrmDRqbaWJH7WkgH4j+ojF3M8vmixVELC5BYA2mNp3kHyO8YF8H5mpPXo5kU2XTUVGAuCGDKTsDAUEmxg6fXGgca4TUde1o5gIvUNS1237p1LB33nFC5kR7XVjY9iJOcbFeLeOxgTIcpAUxWYhHPeYEA6AfwrFp84ufDALOZo1s9QUzoDAKo6IpBJPlbf8Ajh6y9RmpIDcSS09Qov8AM2wk848PqUHXM0m0sky0CLqNUzYg97Ertzbl7yjEOIqPycJpU6jZg1Kr6iWgksFkAQqgWUXNvEzhCzeRSnllzIqOD72hhdyWEzNwRB87mZtDpU4tQegrGs1JHQONwSGEjwPXocZjzFnkY9mlU1AW7o6gWnqYFupm+BHxHUcdLszYeVsz2mXB+X0P6Y84vkS9OqoMaxpDf3mEYo8jPpoqp6/0MGeIOQ1IT/aLbyE/rGEv3iP3QdUkFiPxHSP8RgfScRZt9TEjbYeg2/ji3xDPUqZSmxAcgwOsbE+XhPXYXwE45nmpL3EAYg6WqyFJHp6zEz5YJMTkXWj5MEuO0K53P6FQkHToAtAv4X2O5nzwoDiXb54CuEFKmk6hvpDiFY6ipJZgBHicUuIceq/ZgwZVqgMxBZTIktABkEXMeV9sZrxerWeqysQwBluyUKGIuZCeB/QwJw3pcTOxDe5jMmQIg95+hQ8mTviTVjOuUudiQlLMK3QLUkH/ADkxb97p1nfD1RzFJwGWtSYHYrWpkHpbvYPJhfGaMnVww1BvFuL0ctSNasTpBAAG7MZhR5wCfQHGfcW9oeaq9qFijS02pqBqGxBZjcmOnp03te1LMfe5emfdRHqkHYsSEQfNfkThYyWXRaZapcEqGnrqaWM+MA/M45UAUExgNyxVo9jq1e/qInVJOm0ycDGqajOkH4Y8au1aqZuSSTPU9fmcE6HDSDYSfLHVx7x6sWGu04oZ2vTplab6VbpAInxvttjzM9vUg1S9Xwkzp9OgwfpZFVpSdyRHpA+v8cOnK/AqdZAYPna/y3wrnvQjCoAtjM0ORKJrUSv7w2P5z/LATM0K2WcVaTPT7tmUwSIE+ovscalzbwqn9oXL0ImsNJ/dawk+B+GB4pqzZgOVWhSU06btBLBGK6xb3QAB1BZhvBGHJyk78B/SKpoJVo0q7uTUqK2ssTJKsV+EgdPEbYnz3J4ekHT7sBRBqapcwC3dC91BIu0QIJicd8NyyV8wrU6Z7JJd5OqVUT3ifEgAyepxplOvSqL2TMV+0U2pz5ayGHlIKW8hODsgakLuWMwzItUo1lpO+lCw1aWDLpJHeBUkEeY8/TH6myuVDUAAQdQBkG1wNj64xjiXK1AUatGnarl64qIGJP3dQpTcHrpkI09JJ2ONl4PR7PKimkApTAXqAQv1E4Bq9QX7GUAtw2YJr1aNL7ouupVg3mCdwY64FcWzCaCtUWMASLNeLfDEPEeDAUXrsNTSNN295oAsCAY3uDsThXy+Yq5jML21RzoAIpqN9oAAsPU9MINkRykA3GzsaRyyIo/3Y0R4BbAfLCbxnhiLVomI1mw8pP6r9cWRxF6eYbtAaWo+43h0Pj8cccVo5irURqlMIKZmmymQV1SJ8d9x8rYxBRjWcFajzwddCpGwb+vywL5n43Rp0zSqKXap2gjSdMliVOqI1KCsDcTg/wAPy0ooUgjunzkDbAXm/NCjk6tLulmIpqzbI5XfyVRHx9MMIGhEK2zOM1mKtWsMwEXsqWilSDG7MYJZgbgEm4gmFFrnBnhajMOWrCm7KisVS475JtNyqiJ8SxtYDC3xrVlqGboMwdqfY1acjdS7A/4tKi/jPTHvAuM0FyZak+k6mJ1SCgHfZRBBiCbAnrfrj0h6ZxbO6AHyEkblyHH7z7nbNU6gFOjTQNq1M2kApTGzNGxY2UEySQYgYXeUuNpkabUatIGoWlTMhwYC9oVU7KI3PQ23JGi2VNLte0DuCe7GnSZN0SLk/tmTG5OEjjfG6Z91dUGdTN/A/wAfXADBjK8Usnye0Pmf3alPK0KdVaj1DAI2ANmZhYxssEn4RjQ8tnOEhEBhSqKpEKfdULMzeYn44yLKZ8gxOCmtD1j/AA49H0Uzij4kRytjNQr7QM09bPMttNL7pQP3CdRMbkuX9BGPObqS0adKiu5VXa0GYNj88WOBURXzStUMgMXcnreT8zi0ch/4jxCrE9mAxkdLaaY/zQfQHHi2LA9p6Y0p+cV+EUDrn+txh7y9cCmCEEqZ/vbiPX9cJ2TpsphhDLYjwPW/XB/IVoZeonGZVvcLC1ahnhmWJgsJnr/DywTzQakurtloqDZ2JEkfsgDUx8lBxJWasMuewp0XqAkgOjyoJmQUYeBxn3MHNM6EqUCHU993N2NrDTACSPdEbnbChhDG7jmzFR2k2b4wj5lWVqlR4Zmq1BpTSgLkhAxZoVWjU6iYlb4+o5VK5yhzNdlWsGqVDIAFOm7JTQQIE6WNhA8L2XqPFR9oFYKWXvax1IKFXAiwlSQPCcR8xUzTr/Z6dQ1KdGVpMbSjHX+bHbrOKgoAoSDKS2yZoPH+b8tTonK5GmoU2Yr+LzLG5gdTbCzw3jOukw1stSg2tG8VchXEEXAImT1PTC9l5iI82jcjov8AXlj3I5vs6yVLHvQUiQVNiIuIjocdxEWFoR9zWeI4igrMrU69NQHX8fbOqhjcyRfw2xteShaRB/CkE+YQE/nj860sgTn6NIFoSqpAvCrap8Ov08cbvlMz/s5a5lWBHQFQUPzKn+jibMSlEzcL8vh+UB52ooR6dTMFUp6yNTICSsqDAWSI1Wwmcs8Mf7TLrM94A/sqbEjYSxBg3jGjcUVWo54izGjVhvPSQJ+OM6yfMgoZyuFQvTVQoYN4Mwm4uCRPS2MUaldzQeKZOnmFei6AsoWorQDciGXx6A4ReEcWfL1/s1Yk0tULM6kvYify29N8Q1Ob64btCNIPUGRPhO0RHdNx5dVfjHFqlaqre9U1Wjc38f1wVcu8zsJp2W4zTyucNByVdQAjljpZHhgGGxU9GiVMx1BrcVpitXy9GpOntnqVRvaQSsDeTK4F+0vh5arlq9O8olJit9gSDbp0wwZCqKWbd2GpqNGjSVepqGXPxC6B8TjnQLucDct8U4ZTzdWuUql62nT2TjTCiYAAg/jNzfbwxn/DKwp0aiOplS0wzA3CrYA6RBOxVtrzh4yob7TUzAIL9i51iRrBKm4jusogfx3wD5vySGpW0CGcyUBF9UOSBvIK7Cdz4YZgXkwW4tjQJgLiOmFFEWCameO6VmDrHSTClVmSAB7wlO5gNOxpCUYSGI8yCsydTAgj4AyZnBvP5Oq4NNAzaBrqEbAGFWY6AbeRYxYnATM0jURtPuU27trQwhjO8kqhjwIxQCR8NxZo7qA6VB3ZVRSWYgADck7AYJVa5osaVQFXQlWHgRhw9lvAzUzBzDAdnRBCDxqMLHwMAkz46cP2f5Xy1ao1SpTUs25gXgR+Qxj9X6LVOGH1BczLiWWOXOlGJdxYDqDtFsaNydwIZWiATNWoQ1Q+BiyjyWT8ScL/AAqmK+fLkCKYExtqgX8jP6+uHU5lBuwnffEWRqFSoCzM/wCceHiln66quldWoeFxqt9RjzIZYagY8CBHofEem+C/tGz1NswGV1M2MMCbdbHYycC+AcSTWsug2B1MB0O0n0w5m1BCNrUfOF5DtFLVh2fZ3HZmWYDppQSY/wARwoc6cDpZpm7Coj1EvoMhrLMsDHlM4McT4+tNO7VUggizC23x8f6GM04gC7l1rDUepa5PmRc/HEePC3qcyfvf9JSTakEH6VAhzFWixSqv+EiB8I9MGOK1qJrI2kqTRoGdxBop/wBjgDmOHVCyooB6CGEX/L4xglxEMDl1JVH7Nabtvo0VGUNJ8o26AHrj0CFPYyJ1yFao/iXxlgF1sNAvEkAW/EBdm8AVUxbbfFLgYWtnKFEJqD1VUgmNcnxvE/8AfFhKIrO/Ze6zEKXJgCe7qYyZiPE4kHCBlWSsuYQ1lOpAAwhhsQLdfH5DA81GiYBxZAOXE19DHPh/BXTN16xB0Kfuz1IIDvbppACD+eGnlbiNSrw5NYOp6hDXnqGP1OAXCuNZeH7WrA0hKalWYlt6tUx+N2sBJgKPGBe4Jx7KplhT7Uz2zN7jbahB92Om2E9QVOM0RcHpunzeqTxP4MOcWQpRrlqh0aSxAAE6m1AE7wDO0TAnrhS4JRQ5Y1Xp6tWoG8QpqRIMdCAY82xY5g5ly1TL1BqZiTYwwIiwju6QI8SMR8M4xlly1Olrj7rSe63vEHy8SMYvHjsyw4coP6T+JUXgzqJIOgj3osbdf4H+eEqrlxSqE7eXjf8ALGm5Pj9AIAanS4IN/pthB5pr0mfVTJ8xFvgccjC+8JsGX/yfxNA5bzxfKV6jAMKNE1VkbNT7y/8AMJxey3CapGuoCutqj1Ddp0zTGwkkqlOCPOOmFHlDmcUsvWo9lr1wJLQI67AnxxFx3mPNV6xqBnpK0DQjEAAbbG/U3GF5Mi3UoxdDmYXVD3mmcHyJT7yqYHZlSptqBYkEjof4mLYz3iXEBVzDaw4djNjYG9t7bHYYr0+M1ZShUqNUViGhmkiIFidgQWtgdwt2+0DtKlNGEEamkaSvQqGFgfHpjMLm7uBm6R8ZI79vxCnLlVFrvUrVFSlUXSwMktUsZCqNo1EkwBqwu8Sz9NqDU6VLQqU1UGQS33iHYWHdF5km+DfMVbsaCJTqFwSdWlukEXWxAMnxGE/tmZSuk94gz5LMD4k/QeGKMbAuWPfx9oh8LBKUa3f+Jqfs0FP7GFVwXks6yCVk26AkGJm4mQDbDPGM+9mHGqSo2XqMQy1C1K3diov3ik9O9TVvXDLU5qy0mHkeN7/PEvUf9hhYcLldAxG5Q4uKS1KjLJqnwmwmOo6k4PjmhALUz8yP1jCnTQAADYCBj0tF8LfIWNz3F6LEBud81cYWs0kMYkd65m031eM/TA3KVk0gRB8dKnr5zjutwLNMC32etFz/ALtvPyxRydQYoblx3EY1xhvhlzNU5g2/yqPyxGiSbAT6YLU+EZllDrQrFSJBFNjIOxFryMd5fg+ZAlctWJO00msD12wqmrtKlOO+4lAZJ5BgCPCBjnP0qWoPWIYgQFnw3J8fyxHmM29xMQYJi8jf09MDRwXN1u+lCtUU+6wQkMJ3Bi/wweLGzHvF9Vnx41qrv37S3mOYABFJQB4xiDhNCpXrJJlmIABPUkBfSSRgPWpMjFHUqykqykQQRuCOhw7cEyFYstSlSdzTYEaUZgCpBAIX4Ww1lGMaEkx5Wym2Oh+IdPI2d27NZjbWvQKTHnBH18MR1eXKtIinVKJCM5bUCBpImTNveHzwUq87Z7UQ2hWESrUyCCL3BMzcWPgNrzQzXMlWo01FpkhGQEKQYYAHckTA8PHoSMIY4vnLcQzdzx+08z3KFUqYZREhttgJJ97oIvgXn+FtQIpuQSACfWNjBN7YO1OY64pM5pjSZhijBWmQRO1wItfu+uFjP8dfMOpZBqCiYMLuTPUzc9PTHNxK/BMxnIMlvVfL3ll1IWYHz/lhf4hW3nfBLPZtkhXQo3gD4iRIZR0wIzbBv54DGpB3G53BFCXuB1wNU+E/HYfU4JUMwSYuf0/lgDlEdWUEET2bCeoLAqfQ7j+WGhUAMgAYzMADD6Ziyj5QRxhiWj90frgdptGC+cyjtNTSdE6dcHTMTE7T1jFPsDjUNARWReTEymlMyIsd58MSCpEkKPPp8Y2xcy2Teo2ikjOxvCiTA3J8FHjt446zPDalIgVEK6gSJ2IuJBFjfwwwMRuJfGrfCZU4bxJqIqFbsywDYQQwYH3TsRsI3sRh8pc11SAR1v8Ag6/+njP3pYN5BT2a+gwOV7Am4cKWbAkWIs60U3Pl+eJQMU+L1Ipx4/oP54UothK8hpSYZ9onD6z5hHSlUZRRTvKjEWLTcDCZSqRh957yeceuhoUswyGiomktQiZaR3RGM82tGPQcbniY2oCFOFVvvqQ/81P9Qwa59b/bq/8Ag/8AaTC7whia9ED/AIif6xg37QWjPV//AE//AGUxnH4YwZPj+x/nA71YWfjgxx7I1avD+G9nSqVIWvOhC0TUWJ0gxscLuab7r1MD9cNPE8rmn4fw37NTrtC1tXYq5iag0zoHrE+eDwjRk/WvbKIkujKSrAhgYIYEEEbgg3BxoXAHepwrMAKXbtqdlBJsafQX+WEDNUaiuy1VdagPeDghgTfvBrz1vh15bzVWlwnM1aTslRa9MqymCO9S+nltg+IPeJGQqNfKGOPu3Z5WnWtmQp7UH3ws/dB/A6YsbyGneSOYfPE+bJztP7XlgDmUA+0ZaJZgBHa0xu46EC8RN5LDeG5gsiE7kQfhI/PHn9TjIPLxPb6HOrLx8xo4bxVEy9GhWXVQqipqEXU9q0MsXt5Xta4gqnGuENlaoE66brNOqNnEz0tqAI28QRIIOLmdr6aGWMbirHme2b9JxZ4dnk0tlszeixkMP7Jmkh13hbnpY6jBlgxg/tPyqY4I+NPc2P8AfMGc5A9u391D/wBNMCsjkzXqJSWxdgs9ADuT5KJJ8hg9zagNaoFMgaQD46UUTubGJsSPAnFDgxajRrZgKNRPY0dShhLqTVMNIMU+5cf2owS7Ji8thRXkCGObKtPNZdc1RELTbsnBu2lT92xPnqUn96p+7gRwric9xzf8JPXyPnglypxTtajZSqEFLMoV7lGmhDgHSfu0GpgNQUGe8VOFjO5R6VRqTiHRireo6jyO4PUQcFlQOLgdO7Y24jx/KOqpPDan/wBWD/0hgGKeDvAKdSrwx9KO7DND3VLGBRF7D4TihXyjIdLKytEwylTHjBExifNa19JZgKtde8t8ApK618vq0NXVQjHYlG1aD5NYfxMAia+TamxR1Kstip6E/SDvIsRcTghSyFR1LohYAwdNyLSCQLgee04J8xyaWXNUEV9LawbNo1fdlhuCRJvvLHAXafSFQXJrz/A1FJkxN2w6t9cd1Ex72A8MDdxwBHaexgLx2vBC+U/P/tjWX5Ry37/+b+WBme9nuVqHUXrA+TL+qHDsa8WszzM/XY3SluZbSWUH94j5gEfkcV3P0EY1NfZ3llBAq17wblOm34MQ1PZvQNxWqj4L/DDw4uStnQqPeZgDj4HGkn2Z0ulep/lXEL+zAdMyR60p/wDzGC5rA9VZn9dZQfTFdqBm2NLf2bEgD7SLf+T/AP0x6fZyf/mB/wDaP/7McMoEJjjY7MQ+G8IqVfdUkD3iFLR8BfHf2amraWLBh1ZIj6k/njbeGZPK5aimUDfeinrc6G7x3JJiJExpmQBhH4vlKebq6FVlZrIWAHpMEwPWMd6h5UYk7FrFhMiypq6yCrA/IqR+eLPB6hmDJMkkm5Mj+M4ZeX+WqlWhVoFwrUqhA1A7QtvgwPzPgMS5XkSqjk9tTuNobCchvkss6bNjXixNe8UWTuq0fiB9Nx+v1x5n8yQuqQSsC3hP88N+d5KYJLZimizuQflgdl+QzVBCZmi02FmBN+gMHocYqE7MobqsQBAMX8pVkOthB6YpVBDYect7N8wlzVVvRb/6r4gbkKs1UU9TBj1NCppHq/ux8cEEIOoo9UjKNxUXKs2kKjNrvYT8R9Zx3V4YyWdqaEGO80QfCYiduuGjmngtfIZXSXUuxPfQmRSGm1xY6ydh4GZGM8yGecOCskExu3W0WOG40LA3J8/VANSQnmsq9J9LjSwuIO46EEWI8xgzwzPh+61n/wBX88F+Cco1swj0GlAp10HdTYSFYWFw1zY7gG15lT2Y5nUwatSWIKsAxDSSPKGEC19xfC8mPlqPwdYqbJ+olVbEEWI2I3HxxG/U9Tv54YaXJ2YVSHq030xcBpI6yI3H1xKvK7FQRoaYuSwt6QPliI4nBqej/wA7ARdxSfHmHajwIgQ1KifQt+sn64n/APBl/wCFR+RwfpmIPX4wYxsmImXF5aZOK7rikieBKjDHBGJ3XEZXAETYsczczCg3ZKpNQgGApZjqkDQIgtI2PjhG4zxqtUZmqjNUB/ZhgYkXBMgd4nwmPPDtmcrVHF8swGpGBYGZ7MqvfMeg2tGoeIx1zHzTlK1RqKVZM6SpptF/VYjFAIUChCRORomoq8oc8VFZaNdtS+6C1yBbTB6tMyTFjvsBqJXGULw/LVVzC0gddNNatoI0sGWDG/iPC8Y1fK02CIH94KoPqFAP5YHNVAwa4mruQ8b4Ui06mYphmqvSCMTUVVVSlyC5tItA6nbrhXQUQ1Jyg7QEaiLTe5tIkwPoMN3GnpdgWqqzdmDZVBgTvcGN4J3jrvjMeGcSptVVKStp1eHScLJvYlGMgLuaLwTLaMxmgo7hbUTG7t3t+sAxF48emLGerCmruRIVS0DrA29SbYMZXL6Q3mzE/E/oIHwwE5iy5ak6AwWKgf5wfyBwF25iRvUpcPyVPMBjXeprIn7toFIEWC2NwOvrgZzDy5RC66GZrK4lge63e2BNgQBAAAIjAbLcz0aaGWfUTpJCgrPQE6pB26fnjjjHGE7MrNQuvv6BZARYMWIvYmLmMPttVHcE8mPHJXFnrUIqkGrSbs6jDZyNm/xCD6zYYZUfCT7PERaIhpZ0Wo8GQCXqJuJGoaIMHphwVsaxpqkhHtFPn6gcw9OkacrRiozkSNLBlM9IDBPrgHwyhVSqtNQrVCrNTUhe86AsqggKLwPDwnD1xTOZemWFaqiGpSanpJuVaDqjeBBv0mTYEhM4XUZsxQdaZqBTBKs1gbEnQjEiL4zzH4/0x+4Y9V1oNWYFzTedAhZJTe5gjb54uumJ6IhVWIgCZ3nzPjtiLO1hTRqh2VSf4YadCzJ+7UIH4jxTL0WC1a1NHNgpbvHwsL4jyOcpZhS9CotRRuVO3qNxjG+YWqvXNWSajudO0mB4wLeY6T64K8C401FBVSmxq0wSSqyrgbgtp93pK+t8IJJoyn0h2mnumIdOLvaLUVaiiAwBjwkT+RxFowNA7EUbBozmrxVaYSnXlG2Z/wAJIsST0nE6MrAMpDKdiDIPxwq8y8bqUKlJ3KMzKGI0lVIgTB/eJNjdbgzY4bsm1KpTV6MaSNQAAFjvYbGemDAJFwnCjtK7riMrjrN56hTBLVFJ/YUgt8b934/LAd+bskG0GrpbwMEE+Ejb4jHHG0WDDWVyq9qtb3tFNlZSxgajYqNrxfrgZX4dlqZevVC02Wk3Z6hCUi4O0CA5A63vAxWzPNJpUkhA50r2pQHvNALadyFE2ncX64XeYeY6VehVdK6wSo7JjpIC9I0k6p3nyww4mSgY5D7zrlnhyajSCjQ4cCL6ZCSJ6/gP+EY0HsuuErlFXXKVqwZzAYo1NdTTCDT3VO5vYSAD4g4XUNep96e1ctC/fFh7zQIDSYJED0HQSAyYi3mNXGr7uvlNOPE6KFQXBLnQAp1G8dB5kD4jGe8x5+jRqdp2ZVwdgLat7+B+f64oLX7uttREiAFj3gbTOwKkQbg+oxT4hwfMAHtaFR1978cgHqVDAj4x64Zjwrx2InMfTNIfrNS5W51y1eiva1kpVj7yuQoLG/dJgEdPG2CucRHViCrDSTIIMQN/hvjAcq3eIprIPdAEtItsBBJiLEHcYNZXgmYpAVzFJRMLUlSQykGFKzsTExfY2wB6e3sQlRePIGNuSr02p0yUdmXvOiVGCMEEl3TUEZgAInc6b4E5vilHM180UNVKTLrqKGNMVAAohtLXkE2vsfGydQ4g1Kp2VQa6atBl2QNF11MveiIPnY455q4hFSAoVgIYiu9WT1GpgLeQmPXB+ke071l/VU2X2d5VRk6cKAe8SB+FXqPUpj/K4PxwwV3VLsQo2v18gNyfIXwq+yfO0xlQlQkVWbUdU3EAIBOwCgDw6jfA/nnjeZVK/wBxWostVUpVU1y1LUdbAqIGru7Xwo439Q2NRHK4G9p6TmqFQpVamyyxqI1NJU+6uoSIUA39bYrck5J2z3aSy0lqCqoXbTqkiP4XHocJtarU1GpVaq2poYvLExciSZM2MeWNC4hw9aFekuXY1A1IVCoWIUhTqJHvDTrBHSL74sCitTGtTRmr5TMa0V4K6lDQdxImPhitzIw+y15JA7M3G9/DzxX4HmS1JNW+nxmYMH9PgRibjlMvl6yB9BKEB/2Sdj88IfQIMxK5AzGn4YdKNo1NUAFzAVJ/FFzPvHphy5W4oBQQrlmKdoaDBGBuFksLCVPS0nAfnXN0/uzTYMQgDlP2gIb4GJ9Dhn9mqt9nhhUGo6zqjTAjSB3QRYDxG+F8bEqL6uGuE8M+z0VoySELBZMwuo6V9AsDyxY0YvVVxBowRWpNd7MzfmLhL0szSOdL1aakrSAHdEbSZnotgL7TbFrgvDq1JK1au4FRk+6opY3O8bLeAAL3O+NOektVSCSrC8+B8RjMuYstUyuYLQ9VaxVASWKKkqKhJJ98gW/ZHU4KiFMar8u8znmOa1Y1DBrTDgiGJC9d7gCJ6iPiHLKvfQFHuO6fmT5Hw69fAkeY+JE5h2DB47usf2iiQGP70WPmMCKf3hiw1GB8bYsxqCATJ3NHUYcrmMxQ7yNr7RYCGYN7kgbQR0jbAXP5atUdqjmWJk2w7cTpU/8AZiCAzajHgGuPqD/mOKHEKaAmO6fA7/LxwhXJqNcRdyHHalJez1OgBtDkBZkmwAJn+9I8emHjljjNTMFqBYVq5Qohq6lYLIJDVQGBS/d1AsCQAQDgLkeH02Vi6ht4t/XjgctRsrUFaiQCp2IkEGxUjqpBgj0NoBweiaggsuwY8Znh1bLdmxBqh2CPSMsNZMrBI1TIEEgGY8QAV5b5EVe0zb5h2rUw1QKsFdQBPeLSalxeNNxu25ock8yNWXMZh6S06dGmoEMWDO06R3pNhJ3FyD1wKX2g1cojBKasHp6AzbA6yxt1gMQBjOIDahHISvf7xp4VmKlSqy02CyblFA1MzMxuBIBEkk7d217N2V5VoiTUHavFzU9xetxcfOT6DGU8h8RaeyZ9IUhVIPeuDDAnwgG9reFsO68z0BTVixZit5g7i7AgmPl1+OHs5Y0sUe0oc/5LL0aGvsqTVS6pRFGlpbXdlgKSTZSfM264WuXeR1fs3qgFiqtaJUkA7+IxJzHxii9JaupwA5Cqh+8ckfgJ9yx0loJALRJIxHynxeqzNUAsphiSBBA2K7luhIFyCfRSFeRucwPGPtLlL7MjvTYkMnnqncyRcnzHyGKOa4kVFQCowNNEJMQQNYN1ibSNxi9V5kYUdZA0gGSGmI8RvHnha5p45qdtbSgIWDbUStUgA7i6A2xQr1Q94APvGrnHk7JVMsU09kWKsKtO7aogM0+8I32JHUb4yDnHt8pVyy6wlSgqhSrW7o3BN2UiNxEGOpw18tczZnNUNNVtRpkJaPwggExvIIviH2ocNavkqeY0nXlmCVT4U3kKfg0fPE/mF4jX7MeYkzlF1YKKyHUQoiVIAn/MPkQOmPeY+OtUZsrla1PtQO/fp1UEbT49Y8JxnPs/4gMjlsznie8VNCkhHv1Ggn1VAASfEnAbl/i4SstUoCblnBIaekRYAbxHXBqgLAmSdSTxIU/77QzwLhyfaX+0KxKkgrcCT4wbG4I6H89u4FlVpUKaKIAUWkm/XckxOM14RxSnXrwyCqzKCgWCfuzLHoT3WII3gERjTsmymmpWI29COny/THZsY7jvA6PI9cT2neaqaVZomATA6xiSllyQCYUncTtgbxzivYq80ywABkefT54CLz9Q/tKTa+saY8olvCMQDJbGesMZIuOW1xiOtJBBiDvbfEgx8RhpiJk3tW5LQ0xmcvSCsLVAg3n3TpHXcW8sZBla6K6swkA7D9f6nH6q4tltdGogAJKGAdpi31x+XuL5YayVuCxA89Jgg/vD62w/G3JaMw+8L5pXMZjUXBA1fuxtEfh6jw388VOI8VZwDPeA69f4nFPgvGGosJ7ydVN48Y/hi9zPkETs6tJgadQEqB+Ejcfy6Y0eEP2MI7BYfcRy9mmWXMUa2tpYRpXw38PU4u8Z5RVsjWrs0FNRUeSoz/M6QMJ3JxMspGpSLpEqxjZgbEeRth55UpAvmFrFRkaK6tLnugMPduY0iaigHaVwPY3NHaccK4OiZBcmVYV9IzLXszOLown3VXQh/ZbS0ROM55jYA6RMTMRYNsQfMbY2TNuld+0NA1NZs3adnIIIldUHTOlZFiCD0wo8Q9m2drsX00ssh/FUqBRHogMn5YICjyac3ahEjhWfZSYPvKIH71Pb/l1f5hgpk8tmMy5FISJjUTCqCe6SxsB3gPgcGl5c4dkyprVKmadTMINFINIkCO+xAHiBa42wu18zWkjWVpyANKlQFLFpIgAe5sJvglKG2vY7fOLYNoV/iQ57SaoANkIXVtIU7x0nfDdwPSlEKGPYk6r76WMg/wB6+2EKpUDVCB7uo97qRP54ceFICNKzoUDpfaSNogmTBmN/VFHzGkjsJbzefRGdqZYUliJ8Y2vvJ8Z3wv8AF+J6mTWbqTWbzO1IeFzf0J2x3zFnEQBfeb8KfrAiB6yTeI3wq11chjuQZc+Z6CPCSLeJw7GvmKYx49nWaFGozVQ7KyjuoJZr2YCZ03EkeONB4jnqVREoCTRqpUFepvJcaTtIBUDVv3RTUTOMj5Q4l2LK1gZ0mYnckWPTvfPD23NQqdqCqrT1LLEhQq6QDJiZLCyqCST0E40qXNiaKAqJvOnC/s4y+W7VWelTPaqtwtRnZjB6+8B8MAZgBQY8/hhz53dFFKu1OGenBLjvF6fcvqH7PZmfEnqMItCsGJLfi3/T4YPtJPTP7jC/AapDB9ZBF7EgiNoI2M+HljSaXNtUFYc6io1j9pvExaSImBvfGWVKDJDpf03+WGDhFJqTrVr9zSZ0Eyb7lt4Hlv6YxypWjDwYzzsD+03HhdSnnqAa8MNDeTAX+M3xby/KeXVQvZgwN2AJPrhP9n2b1ZjNVTOkOY8Cz97p1AI+YxoH/iAxIcSoabZlQysf09pEpx3OIEbEoOBJmTsY/M/PXC2y+ZrIw7hq92BuCNWoeck/lj9MLjLPbLwB61ShVTUYVgVC6r2gxI6ThmBviI95jCYxWpyYMavo07H1O/n67ky05VATZXPqLQQPkDiOvk1A77e6p2uTcwL9b4rvVJoR+9/X6YpqiJghrg1fs9RUfs74Y24vWpZVKoVWSpWI0m/3gQFbdQBqIB6kmxAwr8HpF3ZAJv8AlOHjsimToZcIrO9Z6xU76aahG0dQ4Vtdt1RhBuCnlx+KNXep0nMVeidaFdQAD1GGpmliTAOwBZvn54pZ3iWczRuzxBBZjAiQQwAv069MfcKzwQgNQGpZEs5gNBgGFteB5C/TALmjiOYrP2QqAI0aaKjQCWAhWHvEyYGqxsRYg4QvqM1n8yjJwQalLjfFadMlUYVal5qfgUnwH4j9B54X85n6rga3JEW2+Vum2GHnHg1HLU0SkHZtbB6zRDwIKqBsFZW+dzthboUWfSqgkkgADqSWxSiKJG7EmG+DZZTpJIAP0kdcMVcPRplgbR477n5RgJwrK5fSmrMhWIAKdk1jH7QMHbeMMHEuHulPTdpELpk6pmNIFzM7b7eOAsFqhBSBEqmjEtVqGT9TaSfyXy1CNsTcNywahVb8QNo392WgdbSfQE4acnyHnswulKFVJnvVgaY3TfUJHunYH64ZeD8mfY0anmHHvamnQFusW7xZhFrDrcDFLcRdmosAnQibytyeuYCO5enSKqXJU95tR9wxCrEXJveB1DTxDN5XLropUqeq2pipOq7AyWlpLANdjFhGOOPcYogFO0LLsFQQoEEe829j+z5bWwu0cq9Tu0qTFdoMtIJm1pJkz64UeoRBqNXAxMI5TK0sxlmLsq6MwSAdoNNbCbTKnp0GIH4XlKZANSkAbzEx9cCeaFSjQGWNq3a9o6yD2YCsFBIgam1atO6ixvhd4fkg+tiYVB8ydsaGLbEmzCmO4z8XztGiVOXrpUM9EIKj49fT9cQLxEaZrprptuQbwfMdfjivy9UQVRrWm6XDB1kQQfPf+rYs1eFGalOk9Nqbk6V1gMs7A64kwY7pbYYFsQOz3m487IOI7TWOXOOZZKVNQrUg6q6lh7wKqA09ZgSenWIw161OFvlPh3/w3KpXpEHs7q6wQVdgPMGNJBHlhg14jckORKBxKihLiNiZTiqhxOhx1zpZQ4RPaZmAWo0tOowWURPe89N1t+IkDa+8OOcz1OjTarUbSii5/IDxJ2AxjfMnFGzdSpVqJopss9mYH+7LQahWC8pHdJIBNsPwKb5TIm8ZrIQonUCSbtI/zC4O+8jAvQApF+jQfD1Fj6jDA6iqbgSxgdApGwHgpUi3jPngFUplS69NoO02NvCR09fAYoImMtbhjlGtFUXgz+hwT5uzrlMuyyCGqaSs6hGg7i/4sAOAgiovqMPvLNBKmby1CoodSxMEbgqNXwlV+Qwl+0d04DMAe2/4C4gUeI5mSDUqwR4t/W2CvIGWJza2CxrYM0gKwQ6WuLkGIHj6Y21+TcqmjVSWDXdiY/AFqMq7+7AXHycq5MFlbLoV7RiW20KFDr/hvEeeBtwKoR7J07G7b8D+8yXjWTR0DVyhYsezQVTpABYEsEVii7Qqi+5vOF6VWQuXosCYAmqxJ6AaiJNz06430cqZemtQDKpVqE1Gpq1pAK6VkmwvjPOd8nl6WdyyMopUT2BqBbAKzfeEncd2bi+Bt7APmGuHCwbgToE7A3X3uItPhtcd5KFdCd1FB4HoY2w18ncWzVCoFenXZACyhqTQGA7sStrwfhgw7ojZgVMnRV6eWaqDDGm8VQKb09NWDTNNxN7kTaCMXF4fQpJnaopKzUF1oHLEAjKGpEBhYuJN8EyAyMPXeJnFuL8QquCKNcmQxJpudTMJJuO6ASQAPd6eGLNLg2cqr97U7FAPfqkII6SWIw18XyVGjQbMpRUtCsEdnKDtvshYRr2Ha1NN7TgF7QsrRo0Kq0KOpFcr2yuWejXWu5ZaksToNLQEBG8GZGGZQXAqgfpcWjhSfMizfBcjlAlSvXaqzyaYpDWW0wDcwouRueuBPHedahpKmVT7OjEgsGmqyqIMvA0TOyR6nAupVNSglOe9TOrSSJVHBDGersQrEeY9AO4sw00R+IK2r11aT/oOFY8ABtjZ+czLmJAA0IOdYt4CcX8s+mjpA7zudv3QP1MfPFGq1ycWeDkGogY9TY/P6mMVeZNVjcdeXGTL0wlTLjMUat6jJdkOwgDvMBe0Dcwb4rcw5KgKrPlX7SnYhWBtcAgEjV3SRYiRMXicfUs4gOmpTRlNu8oI9QCCAfhiavXpFn3BTvqBawVQ8ecBTB8L4NRcTlYrNP5W5gGYy1NOzKNRUK0kEMSN1gnu2O+CmrGWez7iHYZs0XPcrrNM6u6JusSYvYTvceBxqUY8zq1ZXseZb0xBWj4n5syvH81TMpmKynyqt08RMEeRwz8N9q/EaQhnp1h07Wnf50ypPxnCKcfYtIB7iZZmgcZ9qFbMqq1KCAAgwrkAkTfvA+J64A1uLPmHBNNFUSLAnzI7xO/UgAkW2wvASYwY4aghh4AH4ggfkxwaiEpJhfOtLBhtVEx013B9O+HHocDc9XGsOROrusP3gLN8Zv5g+OCGWoB1IM90yP8AEDP+gfM4DcXnWL+9c+sGT8SJ+OCcVGMdSbKV9Lg+f5YfuE51aNbLZwgsqSCBuSRtfrjMVOGrg+fbsuzN1Dg/8rfy+WEFeWpuHKEayL/yKml1fapRWmQaZ1FYQuQU1BdJ1CbiTcDpix//ALhc1QYrl6jU9LU6xQrpk0+l+kCPLGR8dojsD+64I+O4+uDvLPEHo8HrFOtYsfgKQj0wBQjVyr18YNhBf1P9421vaVlqoPaIxpmiKT6WAMsZa82BAt13wvc2c0ZTM1MrVSlJp1KetajLoemjAQdwFJkEkbHGd0/93Viw1LA8I145UWP9wH/qgYYMPYk+YDdUKIC1YPk+fvNVp16AomjQZCnYPRQvmKRPfrdqSdEAAHugDpGCuZ4jRFGtrgLXXTWPb0hpJodiOzJEeLd7ywnck5ValAav+IR8LH9cS82Ueyp1qM6tIB1bTLTcD1j4Yw/qqSgahzN8xZerTNGo1JaRtKZqkXAp9h2XvCCSKHe2962BHNvG6NShmXRaS1sxoWoKeYpspC5g1VeFGp6sEIZtAJ6RjOJ90dNZ+oAxEgs48p+M/wDcfHDOMVC/Chp7VnGoMkkGRcOpBkbbH8sDq7atPWx/1sT+c4I8uJrNRCbGjUP+VCy/JgDgTTNh/XnjoDT1vyxHTJBETM2je/646ffH2WzTI61EOllMqfAjbHThDXaVGWQjz17p6WPTod/DEwo1qYRzTbuuZ7s2jvA2MCPHoJwQ5P5izNSsKJqdwlmI0JdiZk93cGCIiIHhgjxbmDM05CVYBdpGhIssWGmw02jwwQuricjLzCmCc1kXCg9my6CTJQrpneTBtuZ6GThz4T7S6AooMwGNUCHIIEkWBPmRBPnOA9HmPM1qTB3BDJcFFIOoEG0eE/PCHXWGIknzxpXl+oCBiI3RM//Z', 'Sự xuất hiện của những vị thần bất tử', 'Âu Mỹ', '02:37:18', 'phimdangchieu');
INSERT INTO `phim` (`maphim`, `tenphim`, `giaphim`, `url`, `gioithieuphim`, `quocgia`, `thoiluong`, `statephim`) VALUES
('dh52006618', 'Black Widow', 70000, 'data:image/jpeg;base64,/9j/4AAQSkZJRgABAQAAAQABAAD/2wCEAAkGBxQUExYUFBQXFxYYGRgcGRkZGRkhHhshGRsZIhsiHh4eHioiHxwnHB4eJTMkJywtMDAwISI5OzYvOiovMC0BCwsLDw4PHBERHDonIicxLzExMi8vLy8vNC8vLy8vLy8vLy8vLy8vLy8xLzEvLy8vLy8vLy8vLy8vLy8vLy8vL//AABEIAREAuAMBIgACEQEDEQH/xAAcAAABBQEBAQAAAAAAAAAAAAAFAAMEBgcCAQj/xABBEAABAwIEAwUFBwMDAgcBAAABAgMRACEEEjFBBQZREyJhcYEHMpGhsSNCUmLB0fAUcuEzgvFDkhU0U2OistIW/8QAGQEAAgMBAAAAAAAAAAAAAAAAAQMAAgQF/8QALREAAgICAgEDAwMDBQAAAAAAAAECEQMhEjFBBCJRE2GBMqHwcZHRIzNCsfH/2gAMAwEAAhEDEQA/AMr5g5fWxCwCW1aHoeh/SggTX0Ojh7am1JcQFNlJzgibR0F58qxDiOFbKlKYzFrMYze8BNs36H43oSdF4Qc+gQmvSiKOcH5ffxKgG2llOYJUsIUUp93MVEfhBBI6VZWfZ06o5e2QbR/puEyQlUWn7qkm536QSLLcEtNme5a6QauWN5CebQSO0WrKDkSysgkhqQFTtnN4/wCmvwkC9wR5pxtD6FsBxQTmdQpIHuyTIuEhQJjY1LBxroGkdK5Iq9YL2duOJQsPpCXMvZHs3DnzICxAG+XMY/L8IvGuSzh2lOrxCLAQkIUMxJgJGaL2UencVExUDplNSSDI1pwjNdI809PEeH0ophOBPuhBDS8ir9pkVkCQSFKJAjKmDJ2g1aR7LnwsDtQDJFmnbakA92JKbxN9poplZR4mfgzaushJopjuCYgILysM42hIGYltYSL5Zk9VW86cwvA8SpKVDDvEKCSlQbUQQowk6aE6daD0WglJ02CgOteZOulXF/kZ8ICoUSWgsISy6VZiQOznLlzAkA3kdN6BK4JiE5s2HdGVHaKlChCDMKMiwkG/gelVsa1HqwWRt8K4UmiLWCcUO62sjwSo/ppUpnlzFLCSnDPqCvdIbWQrTS1zcUbJKGgGmkUVdGfZ++WA8SQS2V9n2bpXAzWECCTAHSVAdSBK+V8YNcK+CP8A219J1jpejYtRTAeSIOxrgiprGGcWBlStVyIAJ6afH51aOG+z551lD2cJCk5ikoXKRBKbwEmQAddxUTBKKRSKIsOJcAbWQlQEIWdP7V/l6H7vlpYOYeQ3sO2XAe0CYKwlCxlTcZjmAIAIAMge8nrVTSijZVRLbwzgKuzQtTRbWMw19/xI/n0pVf8AgHAS1hm0Lc7U5ZnYA3CUnUpGxPyFgqJQu+EbEW+VZ/z1yIoZ8VhhJlRcbCdQdSBudZG/nroeE2t5UxzHw5zE4dxlp1TKyDlUneDoYvlOhj56ESVoZjk4y0YY3zLiW0pDDpS2nRIQ33SRl1yySRbNqRY0mecMcAAMS4CAADaTAAuYmYABOpAEzU3G8JdUp0qRkxLQJeREB1N5WBoTaVDQi4vIIJ/CRJA6SOk6X3SdQrcfNLkzoRxxb6CCOccZoXz5ZG9klMRl0ykiNLmoPGcfisQlteIW44hIKUKULDSQDEV3wtlCnEhyyZEkCYHiBciYkDarg9wgtoKAQ6wrRtVlIm3vGJbAMhQPU6AwYuwZIKNKioYbmjGNABGIWEgNhIOUhIaTlQEhQOWE2tE7zXPEuN4jEpCX3VLCSVAGISTqQAB1qVx3gKmCFAEtKMAnUH8KrWMaH7wv1AFdlEEaHTw86Dk+g4sMXtLQTwvMuMbQltD60oSCkJ7sBJgEC3umBPiAan4fmPiLpCEPOOKMEAISoymIPukyDBB2N6N8o8uNBPb4sDKBKGzeZ3UOm8H/AIshx6WE9tlCSqyR3EJQNokXVHQRWeXqGnSH/Qgr1ZReMYHi7jfZvJWW1XKPsxJnNOUQZzX8yepoYeL8SwwCSt1tOVCQFIEZUAJQO8mIAAHx6mTHFuYluEqSpQM6iD8wJ+FDGeYHUKhUqB1m49UmKZHJk8oyyxYhDnPHLscQomQfdRqCCD7uoIBnwFeYrmHFupWlx0rC05VylEqGZSoKss2UpRF7Sak4rBNPoK2khp0CSgSEq3sI7pgGNjQbDLBsbHxo821aNWHDjk6ZMw3H8UhDbSX1hDZPZi3dmZi3iamq5jxoSmMU4UySNO6pRKlbWVJJB8bbwMdwpCoIuNj/AC9SH8O6wrK43BIBKVfeBEiY3+YPQ1Xmxz9LBPaX+R13mPFrIUp9RKSSFQkGVLQsmYuStCDf8MaV1ieaMaG1J/qFZCnKU5UZYgiAnLAEWtt5UHdSoSdiYGnz/l6jLEGDMeFqum/kTkhBJriEuCcx4hhvs23lIQCe6AmO9EzIvJA16DoKm/8A9RjMoH9QsoCVIhWUiFZc1iIIOVPw8TUfhHARiELyKIcQMwbiSsDUpO6k2lEXEkGggTfKTHidLVZ33ZnjxSpxT/yHcbxvGPtLS44VtdwLGVv8RKbhOb3pv1NzenuReAnEYgAtBxpMFzMSAkai4+8YiNxOmoF8OUtCgUKSTBmRIKd8wi6Y1Fb3yrw9pvDoS2lKUxPdJKVFV8wJMmdpvEVaOxefjCOl2LEMiIAiBYAWHgAPpSqbiUeFKmmAcwgF9/CiCXEpSVqOUAEknQDxO1RsIoEC1yJ8qnhAItUIYz7QeZWHnIQiUjMG30Ed4iJnqmbZdCIN6zzCuKSrMI3BB0IO0dDWne0rk2XFPsJhZKs7YEBQSkErTYDMbSBMk2vIrNm2pInb5daRN09nW9NBTimiagEfatGI1G6SdjOo6H9aP8IxLyQHHwoIUkhDhF0A2zBOhaJsQBA1HjX2QUKCxdJMFP4haRvqD6TRzjnM4Xh22SSrJIbJTBTaClzrawi2tLjvo0eofFK468suDzKXEBKgMmWSiSUFKtCk/wDpnLmB1RAvluirYDlgDEkE/YJBUSqJEfcV+ad9CLjwlez7HuOIWkrhpkiCQSULX7sD8Mi9xqY1MlOaMQWh2UZTPeFu6Bsk/g/CDcAxaAAM0vbXkRgfGXtemO804xwNoUk/Z6wJAPpv+lDmXUuonvTudVHyEWH88anct4VzFgomED3j57J/n1EWJPJCEAw8uNwIvWaMHQ2WRRdGT8SUAo5Q4eveT84oWrHi+a3mZ+UTWp8U5UbA7pM+Jn61nHMXAy2SY+H8tWjG1dMRkTq4kHC4wJOYd74z/tIJvvFT+NYOW0vo6w5Ai5iFEeM38fOq42kTE/W1WThuK/6Tivs3EAHL1Eg2/F4+Xoyca2hWLJ4Z7wdp56FhQTkiHFqygFEQAo7iU2HUVe3uBjENZMQ81nAnOgkxcwoHKLSYIMg9RAiso4i2hRw6EwhBAANioJiSbe/qqeoqwcC5fU+3IdUgAmMog31ikttPRsyZHOKT7XkpXFOAuMFQXC0myVtqkE2OVUwQYjUdCJoRiMObGDGk63iY01j41e3uAZXuzLq1hfcIVG/u6bgm3Q1XHyvDuFtwBaSIO6XE+B+YIuD5VaM7LRipRp9k/wBnLyG3nC4FKhGZCUi+ZJHekkQUgm86E1OXwEY4qAQlDveKVgi4gETlEKmQbmYCo2mJwwnDg4tiHEN6oM5yFTKVwLRrm0MAjQgDnOPPNPnKUBLbpV3NDlJ0JJiBvfyIsWQhKUrRmzuEFxb/AGCPAOVZxJwrsZrSb90BQkj8UyBafhBra+D8ObYaS237qSbkySYMkk7n9aHcqt9uyMU5h/6d5wXvKiLQu47pUACQRsJm1H0gWPeVeNepGoFv4aco0YMmRzpEDFAT6GlUp9mc1iIPxsLj+bUqsJGsEka6jS3h/wAUUSzmyz4GhuCUiAEyQLaG/wC996KsWA8v8USA/G8IS6jKVKnNmSrcXtIiCIJEHTzrLueuTFuFbrSQnEIlTqECA+Ne0bEkhcTKN4JF9dmAvQjmJbTTRefcyhEw5oU5jYJjWbD0nxqkopjsWWUXo+duEoLhCEkZibCYk9BIsTOtWrB8gDKpzEu9mlSRlRELk65wR3YNtJP5atGJ5fZW41iVoCHDlWQggocJHeJtELBBIE/MzYHca0kQrKSaXDHu2bvUetbgoL8mPcolOFfdQ6tXaQlLBAVlcOYgEjSRIInST503zPjrzJURNz1uSa0HmDg2DWnMpIJ1EWgi8iN/3rMuYGxlKhokH4mqZUuaF+nk/pv7Gx8lYMN4dsDdIJPUnWjr0wb1mLPNuIaQyhlAVLKFR2ajIygyVSALbCj3LPMLuJJC28hOkTf4iluLSsZaciwY5juySABqSaoPMDrSwcq0K8lA07xXDP4pwhTig0lUEH3R5ga+tV7D8JeD6kSgt390dNL+NRRTVkcmnRSuIs5HD0NctLJWmDBtrsdr0f5wwQSQBqKAvNAEZdYRbx3BrTF3EzSi4yLs+z2juHciQpUOAXFiIM9CCK0LjTjzLIOHQSI1TkEfEH5CqHy+mUBMZSkZ+oI0MdIIHwNaLhnwpmCqRFZOVaNtWiicVcxaGmH4l11yEnL7pSZTI3ki1h5Uz/WtYprsg0jtVOpCQoGAVE98EaAgd5Ok6DSC3MvG0pQEFchkdrCm1jMpN0pCiLFSiBPS1Vv2ZYttWJKXPeKSUrEWNwTfQ96rq1HkkBOPJxk9+CZxDA43h7qVgNrBGiNwdiCN/CaN8rez5GJClPI+xcShxso7vdWJSnqFJnQSIjwFMcdeJxOHaS+pzKtK1lQSPdcSUicsQEybSetXzkjjmdP9O4EpW0B2cW7RsjuqCZMEXSbm4Mwafhm/Jm9TDVr8hzhra0J7JwAlAGVaRAWAOhJIV1BJ86lMs5d5pw9K8QLXM+W9NMInBOlKm3XqVQhGYaJOoiBYagiZ9NP5pMbkx4VFwggD96JMgQKJDoAig/N+PZYwzzz6ErbQ2qUqg5iqwTfdRgetG1HSsj9vDuJUGGUNrLAzOOKSJBUDCQYv3QSfWdrTsidFW5O50DLQZxSSEX7N1MkIkk5VpMymTZQuPnU7i2JzEZFkhRBSUkKB6QJ08iazbG4pJEC4iaNco8ESqHXADrkSdLaqV4TYeVDJKMI2xkIynKvJaMG4pSCoqKyZixAABIzGfu2kVXuYlJUnKkzMeQA/n1ovzPi1ZcgNjc7T+w+Zqu48ZWhHvK/lvp8axQuUuTOi0oQ4o0bkR1vFYJpJMOMjJYwRlsL/ANsfGrlwnChopSLmZ1nasL5S4x/TYjKTCFkJPgfun9D/AIrX+3WtslteVY0Jv5z6VbIqkVx+6NfBCS/kxDjSwO8omlxN5DaTlABoExh1jEdo66lRMmLeI61xxrFSSKX5oa/uU3j+MHaZ1zAO2vzoEHQtalaZpudra+dTOYF5jlG2tD8OgjaRWuC9pim3z+xd+XsQodgoyApKkyddb+neFQ+HczP4d0BapbnvBQnXcRXOCeys4c5sxSpZjw7qQPjPzojxTl9tzupXlzJlOa4mAfMed6zrjyaa7NEm+KaAvHeLKxJMIS2lRSVEq6TAmJi86bDpUjlRllDwTnzKcC054gIlKogT+ITJ8LDerrZU2opJ0n61J4elRWMoKiJgDXQmAPGtP0/bSExyJyUpLd/yi0cV/qk4ltQbGZOVKVIKu8AQDlk2URa3jWuez8lbaVPt5XBORREWFlADRJiCY1BFrGqZ7NcA3ic4cObKEqbUDdJGxGoIPobVsGFYCEhIJN5kxqbnQVIRpKynqJ1JxQ4FXptTtzpXbq56/C1MuzE0wyjZcg0qivaT/NaVAhIwnjRBN6E4dyfQ6UTZVa9Eg+hPxqt8cIcJnQWTRvGYmEmNTYVTuLuiCCogDZOp9dqKIZX7Q+AsIzupKUOW+yRJJvdS7wk71J4CnIltH/tpJsbaqvHnp4+FT+INBxWQJCWzqEiSesmhvE2zmWbJSds1yBoLbDpWX1Mk2om70sauRB41jQ4rKgTJgn12ix+nwqHxDDwZOwhI8tT9YqVw4S4FEQhJ/wC4xAjwGlMcwRIvtB9FQf1pUXvijRJe22VnHp0O2tXfljjhxDPYLUoOJFoMZ0jr1PX41WMeyIHgKL8j8vKdWt4yEte6RuqP0H1rRSlGjLbxz5ILvcFUTdCwJ1Uo/IWprGqVGVIvoB8vrVixyMQspQjvFUR/n9684rhG8M0lIPaPlSVLV5TYdEj50iCctvwaM2Xoz3EYHvKBNxPxH7UwhCUa7/un9PrVhTw8lKlq94qI+Qn60IxGHzrTlIygqknTYD0JEUzluhSjqyThFAlCNcovbdV4+dEONP8A2jTQVBSlOY9I1+SfnQdrG9ksZO8rUkWA6RIrceUuXGzhm14lAfedblfa94ISu+RINgADE6k71aOK3yZWeZL2mD8SXlSh2JyrAIOiu7MH4X9Kvfst5SS4lx8r7pMJG4E90g9Tpt5ggxqOF5Xwwa7M4VgoV3iktIIvfcTaveEYfDYFKm2WuyQVFRAUs3OsZiYHgLU1LRmc7dnHLHAksOOuhMKcPegR4yRaZmb3CirSTVjI8K5wz6VoCkkFJ3FOqFEo3bGHSBt8KZUdqddFRwTpEf8AFQBCxC4BEWpVzi0nQ+dKoQkMI+FSkp/WmkaCnUgkadaJCBjXYnwn/P7VVuNODKTCvMXp3iPH0kkNtuO94glAASIJBlaiE2O01Cx2EdcTZAHh2h/RMfCaIQBwvCB9/JKtCACki/mbUOx+Hla8xypQBJA6ACB4mw9DVlwiXsN3gAVnUklQE6e8NfhVV4+ta0rJ1Kov1JBJMeE6VhzfqSR0cHWway6HFdwQkTHpqSaiYnChZKiYQCfXy+ddYZeXMB3UwJJ16fEn4VHxGLMAqsge6nyjXxmhGLT0XlNNbGGsOXHUtj76hHr/AIvW1owCcJg0oQgZyISnqTp896y/2YQ7xFpTiSUHtEpPRQSVAnwsR5kVsThD2KKjdthNh1VA+cEAeZrSk4x+7Mcpc5fZA5hs4ZlCSAp8oANvKfSfia8/8FQhpT2IuVWA3UT/AD5VacDwoZi44JWfgOgHlQHia1YhxRT7iZQ36e+o/v0jc0WlGNIXblK2ZNxh4qKgFRKiTvE7fCBPmaCvLAbyj7s/M2+f0ozxjBntFJSSZUb+uvzqLxHhJQhu4krMj+2P3NZsfuf5Nk3wX4GcLgM1zY5VH6Vv/GjkaQy2CpZyyE+8lKd411A+dYenEgf9ih9K2/8Ao21CcuVRg50klUxYlRudfTpW7rRz7t2E+G8RSWh2n2akiCFgp03g7UE4q626Apsh1KhKVJIyG8e8Nbg2E+lEsPjHGo7Q5k7ODQjoobHx/wAmqqGRg8Spkf8AlcSS4wROVtw++3OiQfeToLkCSardFkrsNcmPLlxpRTCYUABGtjFzbSrUU1UOGq7PEoOypQf92n/yiriqiUGHUVDLcH61McqM4KBAfizvI+NKucQ3elUITm5A8K5xclpYAvB8rzr4eFetaVJaokM84ZiUlwlbgWRER7qfyp8uv8NhbxaDQjmfk90LU9hrzdTfjvHWqqeJLbOV1K21DUG3yNSyyjZfcc2haSPA1mnNLYbhI3M+elGWeNdHAfO1V3ib5Wsrc9KRljypJGrA+NtgNaBMG8k28zQriaVqglKgkdQdyTU/NK0pUYzXMG8bCddLmr7yzw3hyx2Z7LOQZGa9h3pvOlKUuL2aJY+UQp7L+EtIwrDwAzKSok+JzTVn5OblvOd4Jnr7x+ZoLwkJYw7rbJC0JQrs1JObURqN7yfGasGDdSyykKISALz1O3ntFaP1NNGD9MZJ92F8a6ciyn7qVH4A0IdYDTKki5ygW1HmdEyb31qcH1OpKQChERH3jP4j93+0X6lOlPDCJgDpoNvQdfHWrtWUTMxwXAFLPaESMygQLCNNdT8qjc84LssIFj/pO3gDRSQJ/wDiD61pJZSgmNzP6VU+ecMHsO+2n3loMD8ye8nykgCqQgo0XnNydsxnFY2FnoZ+Chb5Gts5M492+GZcnvZQlX9yISfpPrXz0VSkeFv2+X0rQvZRxaA6wToQtPrZUeoHxp8uhS7NwYxQINtdfHzqEGliQ2UnKQci/dINwQdUnbcCNKi4XGpSCpSgANSaD47jnaKPZyExE7qEzHgPCqFqCPEEFBBSbA73iLiD/Lg1dsO4FoSr8SQfiJqj4jGqUyFKaXBA78WOt7XiZP8AuPQVZOV8VnYH5SR+31oACS01EeqU7fzqMvSagAS+u/xpU6+ifnSqEJLDugqSle1R2W/gafQ0AaJCSFaV7iMK24IdQhY6LSCPmK5bReakCoQr+K5CwDhuwAfyKWj5JUB8qr/MPIOAZaK8jqUmQpYWpSWpBhxYJkoComNAZMAEjRRVC555sa7NxlCkqIIS4qSUpVsg5bgmD3tEnrBFUlxS2Oxc5SpGK8SwXZuFwqBAWtMCbRoZ8RFHW32W2mxhW8uIUoHtIK8g3uTCZMWMCNdaA8YUorCEklNhJtNhB6f80uX+Jhp3KtXdJhU7WifMVmSckdOb46aNN4RxJtDIhAZyDvpAhNzco2ym9h5VXeKe0dtS5S2vuzlUIkdSJsCdJobj8aXGVNNjOtLeVUfelaTmtsNPWguC5Oxjo7iUjwUabCVKpMyzgr5KN2WrhntYdQpKVICkaRCU77QelalhuYG3W0rbOYKEgDUefS9fNfFuHPMKh5rKdNoPlWh8gcXjDlBVMKna07fEU2LM013o0TFYwnUx4D96A43EgVHxPEba0Bx/EvGrCzO+ZcJ2OIcSPcUcyfJV49DI9KZ4Jjiy8hYMXg+R1/f0qw8ewhfRIHeTMHqNxVMWCDB1FWvQKpmrL4upyMxtsB128zVy5Z5fmF4jQ6NTfzWR/wDUevQZZyPxMZu9dadCdh1HjWs8L4pIF9KoXatWWgpsW/wxl/tOnw0+FdcukJLjcAXCh62P6VDcxMhLn4df7Tr8DBrlD3ZvIVsTlV5GiULI7TDyDUpSL/z+RTbpA6RQAA8QDBvSpzHA+FKoElsedOpWZI+FMsNyZk0+pkUQDiHakpVURtAmpCU9LVCEgq/zWS864LB98MBBWUqumMsECQkTcggEQZBgC1qke1bm9xt1vCNKKArKXVDWFKHd8La+dZrjuJLZflvvWzHOSTJJ0UZOg3nWlTaZ0PT4JRqT8+EM8UKeyDSMxcCu8tURECPWfhFA8Rw91Qzr93NlzxYqiY84B+B6Vb2eJIxhCHUtNn70AhYvaFT3geoEddqJ83Y1vC4VthCQSoLIV0CQLjXvBUR4i83qsINdDs2aEqtP771XwV3l50NtlKWlKdyrClAkgpkKHlp8tb2uHCuYiGlOssrc7OypITlPieniKA8E44nD4WCftHytQVlKgEoTAkQLKcJFiLCjnLHGWkJKAQjtgFgnaxBAAEkhQIpU1vYzG+UfbpHnF8KvHYda3Wch+4bDvbQQpUj1qnYPFdgptkEZkoPaR+JRB+IA+daHxziBCAJk7Abny2FZMkFWJWQqe8CSOuYD+f4q+LYnOkq++i04jGK60wpqLrMk/dH8udOgHWbV68kFQHUgfGvXX5UVdY+Yn6k0+zFwGcQTF7Dp9J6/TwoFxHAdoe4O8PnraimLer3AphCnDrMD1BFVlPirG4sP1JKPyQeFtBtKSIzEAmPX9CLeFXTgfENL1VRhcwlJSmNEkiSBsBuLVL4W+QYOoNIhkuWzpep9KoY0orr9zVOH4uRE26edqlZpTlVqi09R90/CqxwjFWqyMAmFzYAhQ/Kd/Q61rOJJUy48MxIcaSqZtB6yNfWk/BESZ8DQXgGICFqaIjNcEaEjW3WPpRhy1x/P81CgJxzZkm940P7/AMtSr3FAkH+X8KVAgQYsOtTQdah4EbkyOmw6VM3okOgmnBr4UP4hxZlgZnnEtpkCVGASTFvl5C+lDuc+YWsPh1BSwHHELDaQYKjlNwR7oBjvaSQN6DaReEJSaSXZ8/8AtF4122OxCk3GcpSfBFreoNDHn1rcSpIzFSUCN5/5phYH3R8r/vT2Ee7Fcr0ykDzGsUlU9HVkpY98tLqukGWmEMONKdPfUFHQndACUjcmSP2FQ+PcTOJxHaFPcSkISPKSfTMT1sBc1AViVvqzq+7ZI2E2HrMGa9xbxbJSgwkAWjf709SFSL9KZGukZMlyfJ+SajDtLZLvaZQhWQEzBtIEG/8APKm8BxZxgpCEpczKJQHEfihIgTaSDvQ/FLCS00ZLaFZlAfeKiM0de6AkT0r3G8XU46p4JCIMpAg5AICQJGwj60ONsP1HFcW6aDnEOPPKQor/ANVywiwbQLW6SZv5nYUO5c4iGXboQpEKzlYJFxAgWNtREEnpT/L2DTi3cilEkpUowcoJEZUz1ABMCPlXPF+DpbWWwpSADqoDLm/MZzAbAwbmjFRiqKT5TfJfgnYvEIKgpoqywYzESCAY08a4cWQM18smDBvBOldcrYhYVkfdcawZV9oE5ocCLhCSkHMVKgWkxNXTmLE8OeSpCGnGlgQAtDrZAHnAAHShJ06LxSkZ68uprqSG20jW6ojqY/Q0GOD7N1SEmRp4g7T6GrJxNlSMpgZSAAodUi4O4InTxtNKzPWjR6Ne634IyML2lrBSQChUwD+RW3iFbGQbEFLi0FIAV7ybaQbag+M1EU7/ADrV34ZwFOMZbJORxSVZXZELyxZQ6pmJFxBG3dzKMpdeDpPJjjbl0wZwvHxFXzgGIWRcW+s1luFf7FakLSc6VFJGsFJg3HjWh8rY5S4hMDxNbsUrRw/VY+M2iwJQUnxQRB8NUn4W9KNqxSVAEHXbodx/PChPEF2SrcEJPkrT4K+VccMdPaR+K0fmSJEeaZnyFNZkJj6ZBHxn/n50q6Ui3r1/njSqpCVhf4Jqekn1oXhSdRRFK6ICLx3hSMTh1tKSkyCU5tlCcp8L9Npr5745hn2HOxxEylIT3jm7skpCSdEzMC1b1zRiHk4V04YpDwTIJ2A96PzRpNpiawzB8US9GHxKjJJ7N1QUVIUSTCzqpsqJB+8mSRqQUZVbOn6CTjF29X0R8Lh0u5UKSA6AMirAODZKibZtgr0PUCuINHNkUIAJmdZFoPQ62tU11CmwMwAgxIkg9b/tRF4IeSAs/bARnP3wNAo/ijQnWADtGfnT2dd4Fkh7eu2VtKYQq8QtIn+7MZ+AI+FdY19AKSgTANzMkzJNN8UkDJf3pMiPdkfUmoGJckCK149xOL6luGSl4HHnhnTN9Z+FcYhIlSYiDf0/hr1OEISVH3hcD9/SmXFyfNR+Wn1NXi0+jNk5Je7zsm8IxhZcSpM6jTWQZBHiOnn4EXbH4VvFwe4HFtGRmsAnMrMk9M22tgk3BAoIxEWSAPqfX9NKewHE1tHWU7p6a6dD4b2nQVJR3aJGaSp9FrxGLdxCWu2MoYtZainvDLoqIKSATHRXShb+GCmXFtOOZUQFNLmUSoJKJKoI3kAHqBXXBgS442sd2VJUBtOcK3mxUb+dGH+DZWijNKbZlqTBgA2KjlAEHWCfgIrVF+TZUuHrOaDeAO95mYn+b9avOAxzKFrbfSFtLJzQO8mbggxpvbQ3qPhMFhwgIbCe3U2otLkqQ5BNo0BtAPgTtVewOMU4la1apUkGBEBQOXS0d0/Kk5VLteDoeiljvhN/qLbxfk5SGQ80rtU5oSQPekEp8lwOkKkEdKrXDOYn8OrM0uFA5r6BQEBQBtmAkeIkEUe4BzF2aFYd0ZsO4U6GC2QQQpJBkEEAztEgUC5m5cWyS4FFba1dxw/eCgFA/MgxvGxoQSe0TNGeOTjLa8fcnYjjoxboW4hCHSoDMjupV1SoEm/4VaDQ2jLaeA40pUBGUE2G9jF6zTCYckynvK/D18vE9BerJwTHGQVE2MX6D9hVoyqRTLj5Y7fa/wCjYFKC0Zdlgi3yqNgsSMyFKtcT4FJv6TPpQ7A42UdSLj0rjFr76xsoBYPmIPwgfGtJyWqZb5J2FKozDktIUDHdH+aVVAT8ERFhEwT1mBUhK5vtEza00NwWIHX5VE4pzXhsIppp1RzOGBI7oAESTpEwPXwNRugxi26RVeZ/aAysOsJKShMDtQZCiqQYSB3kAET1vqInLcehMykGDpcqAnYGNDqPDxBqzc48v9mtbrASllRz5ZkJCiZUmB/pzsJyzegeCxRHdU4gg/3f/kW9fgazTbT2dz02KDjrX77IbLygnIsSmZEScp3/AM0+vE6CCCRMmYI66VIxSSm4VrfUXm99ptbr8QIT/Ek5EoUTrNh7s6jWlVy8Gzn9FVypDilJfORRAd0BuAr8ptGborfQ7GhzeECDdJzfmtF4jwNNvLhajqNuh06eFEcI7/USlRh0J7kkd+NEmfvjQHcWOgNPSdUjnTyQ53JW7ZFWj8WkSY18qexjGGDLaUpJdKc6lyoEFRMJCVWKQmL7671BedXJCgUkSCCOkyDO4vU3hfEAVpLsrSge6oyJgxtZI1vO1XxxYn1E4SpL9wblW0oL7pmQJAINhNlC1iL+NjTfZoMz3TFouCZFvC0mfDSp4xjTqyXQpJLkgpjRVoMg6QKmP8Fw60hTWKAJAOV0AG8W7pP0pjZj4p9HjM9r2wCXB7ygSCBmnNMxYFU0S4hx1KmlpaaCMyMpUsAlM2ISYlKSN6q6llKgnNcQD4xYQdrVNViwQUuEXNyB73iTqdALzVnJ+Q0t0Lg7sLQhaloKFFSVJuQTGgJAk7Xj0mjA4E6VOFATBBURmAUqVWsLTfa1CU8PSqyV6JzCblNzACk+95RHQ9SeGedASpZgAT2gm2WcwI3t90xMUuTUlQ3GpQalXQMD2U5T6da0Hk50vpOHfUktuBSk6AlUFN7QRbvC5m+9UTGEOLUuAFyZgG8b33/njTXC+KLw7wcEEiQQdFA6i1xSYxSkdDJklPCr89fYn8x8Cdwbg70tru24Nx0MaLG49RaonDsV3566jx61qK3cPj2VFtCVykFxtJEgQbkGCl0KE2He2m5OY8c4Q5hlD7yFe44ND1B/MOnqLVaUfgzY8v8AxkaFwHFSn5VPxr0hKvwkoPkq4+dU7lvHSkHrr6VZsS7KVXAlMjwKbj5TT4O0Ys0akWzgT2dmAfdP1/zNKqzypx9rtFN50nMDaRYiNRM7x60qgouHDbgbaamDMedZV7TcQlL6kznQrMQCsqU053cwuTCb9ADmVFxUv2gFwoZVCSgFQgpEhXiTsQNB0vNoqbKidG0knbKPlWfJkp1R1fSei+pDmpd/YKclczKQj+mdgpk9i4Y+zUsEKF/uqBOul9jZ3jPBchLiAOzvIt3TGv8Ab4fd8qCJAIkpgayIBAGsR5+HnRnhPH8sNLOUQAlZNzE2UTI0OumgNtFt8zTHG/T7Tv5AWFWmyVq9DsSbeYNrDz1pnG4UlQ7usSfjrbWN946zBbmnhSGne0Zns197KD7hsFAHoDp4VBweKBIQROaw31PheCfncX1u7XQqPGa93/oNdaKB706bW3G/n0ptgCDN+hn+WrTsdyNh2+1BxC5aazrBSNwqLxEd3zqq80cDbw2HwzgUouPpKlJIEJEJNt57w18at7qpin9Plyi9fFME/wCv3VEdrohRNnOiVHZfRW+h2NXH2YcuYfENv/1CAVoWlKc0g95Cxl1H3sp9PE0G4fyoleAdxbi1JypUUJAEGDAmb3VOm0VYOX+S28RhsO7iMQ428+VBtKB74SCU5jeVZEFWYxaAdKvTEfUipN/xFsXyRw0T9ijQKELUZFyQTmi4BAjorwqp8zcAZYfV2eHSEf0zqwCVBAUhYkqleeMtrEwVCQASRGa5FC+2AfdJRiexQQPeAKAtRvqnv6fgqvcxcJ7LFFph15TaCEqcUYMz9pAEGAbaXKTrah003otbyRlGCbf9C44fgeGX3iwiC88ie9AS248kGSfyoBJm6upFV3nThjaGApDKWz260lcm6Qp4Ii5mW0pWZA99JTKTCTWN5GSnt1N4rEqShtotZkuArdczQlQyjKI7PWD3qbx3JGHDzzSsTiFNsMhx0qSokLVmKRBTYZEkyetMsxpGdYQhJJFzcX0+FWNjjILSWXW0lITkKkjKopJmFRZUG4URmB3iZsHBvZ/hXG2O0xDyX3284bS0SBZGa+UyBmG+9ecG5NYca7R59xOZ5bTWRpXfyKUmfdNzlUY2pck7tGvDOHFxkVM4bLcHNvGnwN4O0aXrl9pCrT6iI08Skz6R41cUcptg4tIddUGMoa+zPeUpAOVVrd8gbVKx/IzLacQ4p53Iy2kghsjMshRy3TYe5BP4qVUrtm5TwceMW19uzPsHi14d3O2q4tpZQm4UNwY08t6unCXmsQyUpRmQSA40TKk6nOneYk26SIIKVQuAcsN4prP2oSUK+0SR3otGXxJ0Oms6XAOh3BP91V4soe6tJ1BHTYjYjwpkXqzLlhHk0mE38H/RvLZU4lQCQ4lSSPdV16Hw9dDQrjHF1vWuGhsDIWErudLGCPhRbjSk4lheJZCQtIHbtQLWjMmNiNdiANCm9RYdsAdAfksZVfQU2BhySb0x1ByEEGFoIg9ChUTfwKT/ALaVR1Hr0E+ndP6GlVhRonOnF0r+yC8ygsEgRCJTBEgXJufCqt2qs3gbDz62plzIh1wJJCApUCbxJAvvb61yziQFJPeIGYjwV11FiANwfhfLKPKTO1hyvHiikwvie8gAABwdT73l+Yj4wIvqMcSkkAyUnp47/GuV4sGCSqNSJ/W1d4fEpclSicw0EjvDrp703P4pO+tYxaVjcuaM58fDD3BMc3nSziVAJMAKWCctoE7g6AK23tRLDcvs/wDijCGVSjtAoo3T2YzkgxCmzEC9p8qo2MfzGaJ8rcyHCu9qpsO/ZqQkKURlkpuCPAER40yH3MmeuT4ujVuZMWl3DvdnLansSMOpRAJXlWGjlnRI73wV1mqd7SszuOawrWqUNoA6KcM3/wBpT8KEcR58zrZjCtIQ04pwoSSMyiFxNrQVE6XNPYjn9DmIbxH9CwlSM5MG61KSEgqVlk5RMA7nwpklZjx5HF1/UvPNODWxwzENpSQlIw7benf7zaSdd80X3Sahc84PFD+nw+DCh/SYfO4pLgQUg90EkqGzatOtU087OFktLZS4ovh7MpajZLiVhsDZHdiBsaf437RS+262nCMtKdTkW4CSrLcRJHQmOkmppkTlFmi8CBawLRUT2oaU/mUb5lArlROt177TWecuNLXiMMlRkqfbKiTqM+ZUnrTGO9oBWpROFbCC0lsIzEgQpRzaXNx/2igvL3HFMYhp+O0LZnKomFWIvrpM1ScOTXwjV6b1KxRnp3JV38n0spLfezQIKXF+ERB9MgNZvhMUp7A4vEaLxuKDTd/uLUhtI9E5/hVVxntIfU1i2y0kHEn38ypQktoRlTa4ypN+qiaiYLntTTOEZGHQU4VztBKz9oqF3Nrd5ZV6CmPZjVxRqmLxKWn8U+mMmEwiUJH51BTih5wGqY4fhezXw/Dn/oYdx9z+8pSgT/uccPpWcce9pLmIaWynDtNB1SVOqBJK8pTANhskJP5RFTcb7UXHEOBOHaQ4tBT2mYlQBBiJGgkkAmATU6Ak30WfkTHB5p95ZP2uKccv+FGUp+YiK79r/F0ssNsA3fcK1x+FoJAnzVl/7TWd8J5zWxh22ENCEOJWVZiCoBxKymwsDlCZ6T1qLzfzIviOIDy0hBCEoCAZAAJOp6lRNB1VDYOSmn5OcK4vOFNLyOC6SDExePPoN6seH4i1jGlNvJhQGZSRqkiZcb6eKf00pbUC06V06+vMHAohYMhQsbUqOnRsz/6keXklYpleGWQCDmSQFD3XEGxsdosUnT50DbOoPiPjp8xVoRxBGIbUlwQsXKRsfxo6eI/TQQzh0NrPakRbKYJkeAp0VRz5y5VfggBJVokn47i/zpVYXMUIGVtXrvSptCQTh0g223/T5V6/oAkTXLBhNvjTUknWPO0VmrZ03KoJfI4rDG2nSfTyrthrKqLH/PpXCGTJkyACbE7X3FOtgKmBEAfOo3oXFK7SO1rjUC5jX/HhXLaNCEp+f7V47lGqRanuDYY4h5thpMuOLCUg6d42k7ADXyqJa0GU0n7hkiDoDItf/FeEb5U6df8AFW7Cez3FOHudgoFS0j7TdsnOIyzawNt09RXrns1xt+61IQlRT2l+8FKT93LJAO8WiaNMW5x+f5/YqigQnQWjQ+I8K7KZ+6P56VaXvZpjBPdZOUBSoc0SonKfduIvbYGouL5NxDTS3l9iUtqCFBLgUQ5mylsgCzgUIIMai5mg4sZHLF6bK5EWyp0nX/FcqBBByjpv4+FWnFcj4gLQ0OxU452wSlLkkdjnDhVawCkKTP4oFNO8kYhLrjCuxStDRdIU4ICQ4pEgxclQt4FPWpTKuUV0yvq70Ska2udj5V4E7QmR/wA9KtOK9nmLaBW4hsfaJbSnMZKlOdmkAZfvKEgmAQpJ3pxPs/xMkSxbtZ+0uA0QFmAknKCpF/zJqOLLxnB7b/n9inpbOyU/weVJJk+6LePj5eFWniXIWKYbcdcDIQ2gLJ7TrmhMR75ykDYmwMkCofDuScViWG3mkpyLz5ZXBOXtdRGktLA8Y60VFipTitpgbKTsNt/8eNMMzGiT46fpR5fKOIT2PdQovOqZbCVgla0uLbXHRKSiSo2AUg70P4pwheHdU04kFaIkIUCIUkKB8ilQ1vU40T6ik1RHzG5gW2+HhTfYknYfH9qbcVqAmFW1j96TLoOovadKHEZ9W3TOv6dQhSTBFwbz9KkPYkKSkGApChI8xBKfDqOtR3miTa0W13/hFRCmFQdtavBiMsV3RZsKjMNaVM8NxNhSp4grqFkaaV2twyCD5GmYtIr1tUHqNxSaL82lQ+nEK0KjFc9oRpoaTo3Gn81pka0KLubWh1T6uv0qRwTi7mFeS+1lDiM2XMkKHeSUmxtoTUQD4VwsUULnbLevnbFusqZC0okLENtpSYWpK3MhSJBUpIKut/I2PCc9n7NZxoQtRZ7UJwggQACbDvFAkRvaN4zDDvKQoKSSCNCKLPNB9JdbEOC7iBv+ZI+o/hLBGmXd/nZQUcnEAnM2AtYwgBUQ0UiRB93MUzJt8xnEuc3HISvEtHI8HQRhhGdKgZED3SUJJuc033qimuCmomFx+C98L5rKH0vKxYzJbU2lQYuMzpcJKSMplalKUqZiReYp/HcwDtHH0Y0LcKWUDOyrvJYUwtA92BK0EkaGBJ7xjOzTrbmxoNBhJdSNNTzwoqUleMGVGUtOdhKsymwlZnISCBEKIuRMb0mua0rSVO45JUtLiVJ/pAQApxTnTVRCNJghI0EjOAn4VxOU+FCxnBLb6NJxnNbT3btvY8hLichWnCjOpCllxaM0BWUqUsAWExoJJ8xPPKkNqLWNQpSQ0ptCcKEJzheZxI7gCUyAv80kd285q9e4ppFWQqSp0HnebMQp1l37MFkrLaUtpCAVqUpXdAiSpRvrYdKiYnjTrry3nVFS3FFSjbU9BpEWjSAOlDFCuaJTphVTEhShGk7R6fsaHJXF6m4fEgJAmJ1PQ1xjMLEqAtuOniPChQeTGFPK/Efia4Usk31pulUSojk2SmcQpExoKVcjEHJkgRMzF5tvXlMsA0ivRSpUst8Ehn3Ff7fqaaVSpUC/g8GhrxVKlRB4OU0W5a/8wj/d9DSpVCseiJjP9Rf96vrTR0+NKlVRq6GK8FKlVxDJjGnoPrXDtKlS/Jqf+2jlGnr+1cOa0qVWEPo8rg0qVFFWd/d9f0om17qf7TSpUQAmlSpVAHlKlSqEP//Z', 'Nhiệm vụ cuối cùng của Black Widow', 'Âu Mỹ', '02:13:45', 'phimdangchieu'),
('dh52006619', 'The Suicide Squad', 78000, 'https://resizing.flixster.com/-XZAfHZM39UwaGJIFWKAE8fS0ak=/v3/t/assets/p18707169_v_v12_ah.jpg', 'Nhiệm vụ tự tử mới', 'Âu Mỹ', '02:12:00', 'phimdangchieu'),
('dh52006620', 'Venom: Let There Be Carnage', 72000, 'https://encrypted-tbn0.gstatic.com/images?q=tbn:ANd9GcRuaet4KSx2n3qJph5Rp3V2svVb9X2o99H2Gw&usqp=CAU', 'Cuộc chiến giữa Venom và Carnage', 'Âu Mỹ', '01:37:55', 'phimdangchieu'),
('dh52006621', 'Fast & Furious 9', 80000, 'data:image/jpeg;base64,/9j/4AAQSkZJRgABAQAAAQABAAD/2wCEAAoGBxQUExYUFBMYFhYZGiMaGRoaGhofIh0dIR8fIB8cIR8cISsiHB8oIh0ZJDQkKCwuMTExHCI3PDcwOyswMS4BCwsLDw4PHRERHTAoIigwMDIwMDAwMDAwMDAwMDAwMDAwMDAwMDAwMDAwMDAwMDAwMDAwMDAwMDAwMDAwMDAwLv/AABEIARAAuQMBIgACEQEDEQH/xAAcAAACAgMBAQAAAAAAAAAAAAAFBgMEAAIHAQj/xABEEAACAQIEAwYCBwUIAQMFAAABAhEAAwQSITEFQVEGEyJhcYGRoTJCUrHB0fAHFCNi4RUzU3KCkqLxFpOywiRDVGNz/8QAGAEAAwEBAAAAAAAAAAAAAAAAAAECAwT/xAAjEQACAwADAQACAgMAAAAAAAAAAQIRIQMSMUEiURMyYaHh/9oADAMBAAIRAxEAPwDqFu0IGg26V73Q6D4Vvb2HpW1TZpZD3Q6D4V53Q6D4VNWRRYWAO13ZCxj7Pd3Vhlk23UeJCenVTpKnQwOYBHz72r7MYjA3jZvLE6o4+i6/aU/eNxzrvfa2zfa9b7m8tsZDmlkE6/ze9LmJ4dYupfTiN5Xt5AEcMhZHkwVKDRvXQ7HSl20TVnDayr3FsD3TlQSyT4WK5cw6kScp6iT6mqNWQZWVlF+C9nbuIVrigLaTRrjbT9kdWjWPjEigARWUUxOERJCgsR9YmPgo2+JqiwjkKXZFOLRDWVuFB8qx7RFMk0rKysoAypcPZZ2VVUlmIVQBJJOgAHMk1ratliABJOwpu7E8NFvFYdjq3epr08Q26+tADh2L7G2eH2xisaV74/RB1FvQnKInNcgHUbRp1Js9tMGdmYnoLZ/GBW37RB/9On/9R/7Hrm+DtSw15fjRZbw6InbPBGJcr623gaxqQIo2ApAIggiQfI1xm59A/wCX8a7Fgv7q3/kX/wBop2OOmzIOgqjkHQVfaqM0uw6HO22g9K9zVzXg3b3EXLot3Ft5WmMoMiAdjm19aFW+2+JME4gqSdsqke3gJHTUn1rKmFI6f2ixLJhr72yQ62mKkbggaEUi9iOPYi5ilW5fuOpmQzSPh71d7S9rrYw7WiGZrtkgEZSNREnXQTy+VAuGYZsG4xDurwpKIhEsdBzjQa68408n80FV0N3a/CI+JsNcZQotsNSJ2cjSdpApC47ww24HeJLHXxA6bD0A2PSgfbPtHexOruwI+ioMCNiMnJgees9eqpavMGzZ2DdQTM+o1oj+xP8AQy4uwrBkaGHl94oV2i7N3MKLLtBt3kz22HTmrDkw+f3E+E3Wu22zAG4us6+MDeYOjxPmY672OLFXyBhI7q2D/tHWrsloDdjOzrY7FLYUwILO3RBuR56gDzNdF7X3UtWreCw6ZLdsax+tSTqT5+ZrT9iHCVS/irgMqttACf5ixI/4Cra4Pvr7FhrmNRySpF8UbYlvwoATFB+IYDoK7NxHs9bWw3h8UaVzzjfD8tZajpySES4kUY4Vi+ZtLcBGW4rfWU89NQw3DDmKqcSw0GinZjAyueJk6jyG/wAZreLs5ZxpgfjXDzYvNbJkDVT1UiQfgar4XDNcYKok/cOp8qcO33CGL4YqJLIUJ5Qjbn2cV5wrCLaSFzZidWyjWOWonfYTFUZhfBcCt2eHXDaRXu3AneXM4Lf3i+BUy+Bf8xBO/QBffGmyFuWbg71WDARMFYI3EGrPHMU6WoDEB+oGn8xyjatey/DUv3cpEoupgyPjr+jWbdaaxj2aRBxHtFxG+At28zL9IAIgAMafRXaDHvVLhHGirxegAA6kGfSB510nF9hsMwzAlfJTGnruKSe0nAmtMcjhl3ysBMT1HvrRHkTKlxSWkRcMkggiBqPWmu32xxCqF/h+EADwzoBprmpB4Q8XGtsCveDKBBgEkZWgekT5k0xWmVZBkEaaKGnqCGbQ+YNWzJYP/Zzi7Yiybj5Jz5fAGA2Ux4idZJ8ql72krhfEntoRbcquYmCF3gdZ8q2/tu/9v/iv5UdTVTVArDYm5bIyNB3G0SRHmPjWyWXeCFBg/wAq7R5jr0qpy35aafl+Nb20LNChi3keUdQPnQZljDZO8QPohgtEAwd9Ttp8Jpw7VcB/er+W3e7rIF2kwPEAoH1VAXakvhVpTeth9VNxQwHMFtR+FOvDeLO1tLrKHvNbTvQAZIe4wtxGmbZY2lxr0iadYVxtdtFLtF2I7nMRdZzzJjX4Ul4okGCAI9a6pxmzjMS19FTS2wRVQIsiBq7M0jf6o5UkcX4bbtXRZJzlR4zP1jyEcqzhN/Tbk40/Chw/HuuTKB4Yn46T7kajyphxd9C0wYyiIAMEaEGTtpS1etlQ8LBWJB5CRHsdPai+JcFtJgAb79dfP8q1XphLB/8A2UI2XFg6ZkSNv/2a6e1EMOhW60daW+wfF2S8qhVVXTu5H1iMza9Wlj7E9Kc1w8XAzMoza6kCo5NNuJdSbE3mKxrSTxqzJNO3EsSiAnLMAxvrofOlK9j0ubiM1vvBr0ZQw9RmFZJmyRz7tGhB2q32SxgUQepPtpXvaZu8KjwoNyT+VDeFXrdsuc5mNJG+sH2it4eHPyLRz7Q8dW1btoVDS0iVUjKSQwlh4dh4hrQ7EXTm0IjkVMCIA0j8us60P7TnKcM24AI9YYEj3mp8E4XKrAGCdzsJJ+MGqvTPqqBPae8XuKp5J8xJNOHY3CsuGNxQ0mSSglgvkOelKPGsJlJmQQxIbcNm135GI0PU+VOn7MOMqv8ADkZSBvyjQion4aceSL2A7XLbiziQ6oRmS4bZBYa6NlmDpvQftT2mw3d5Qc93UERyOok7c6c7eOwdl2fuQA75e8CM2aNSAADCjcnQbb8uf8Ts4e9iMQyOCS2YERrrtrsKiKTd0aylJKrFS/iibiuIUqoK89pKjznSmfEIxbbVvbWPhGoNKPEMveNk2G3tTfiLzNbtXGG6bfKPl91bnL7Zvffu5GWANTGsTsZEgfGqf775/KrGHtXLrN3b+ILmILHULrJzEhonahWXzpWKmXBl+sY9BPqdT+vKpWttnyroQNzAkEDedB196zAcSVklHcTGYAxqNQD5TW2Pv52znUkAHzyiPc6CTz3p0BXSBOafbSD1/UU1YPjKm1caAjQhGUgHNmUueUeKWHQsx10pUU76H4npWxbkDp8OdKgG+1j1Bu4lblxmvSHtDIFW5pMEnUQBHkTNI3HMOFuMzt4zqfIfieVFcDxi5hxcFtgBcADDfQTDD01/3c+VD+GSQ65hcYKSYzSTuD5anpArP+OnaN1ypxSYJtcUGd2cEhhEegAA+AojwziS3GaFVIHhBGfT3Gh89/OhHE7KpcdV1UMQp6gE+L0PLyqnbfKQRuNa0SRjJs6H2duK2IsExNtg0/aLEKT1nUaeRpz7Q8KuXgpVgAFiSobTfnprNcx4Vj9VuqYIM+45frrXXF4n4Uy7Eaeh1HyNRyZqNeN3hz+5wK6bwtW79+WYBZTKAOYJDQTtsKJ9vOzK2MBbNpiHtkyQTrm+l8ad7OES2Q+hdtAeevIdKqdvMGHwTLzJza+W9ZdtNf8ABxXheEtXEZ7jXDcXYBo25SQap3vEUAUjXWfM9TvV/BKbd6T9Ftj161DxnFl70jYHStrd0YuK62HuLYcHuJEohuAnoYQA+ZkbetUsbx5QxULb02K20UTt9UfHrU6W7l21bAYKMuZmInVmPwqX/wAbFrxG2rrpLHxATvmkjLsdh7U2yaALXQ6lM+d3YdQPifP2rfBYtsM8RDRqCdJ/LX5UZPBLdxS9rR18WSZDb+EfZIOm8bbUAt4YiPCG2Pz2I67/ABpFB7E2MQ9lb928/QBWJKg8okZfQUuNcK3SVAzco0k9Yrd72QnKWWdh5dPb8Kkw18KTcPiJBUe4kt5xI+NNImTspnCMGYbwcsg6TTNYxTOvdupVlJP+4kzppEGPahL4m3EqImZmABPMfroKJcEuNba2xHhKsjE75oHXQxPrA9KGwSXhIwIYlcwGo2neRE+YmqEHp8qJY4BGMPpuY2G8Az0EUM/ti3/iH4H8qpGYCw98o2Yf0NMuExaXLUrAYHUcxp6be/tSrUlm6VMqYNMQzyf1+dbk66iPwqDh2MS4BP0uYB+evKOdWsTllmSQk+EMRmgyRO08pIEUhle7cAEmIBPvtv5dPetbnEhbYF1IOU5FA+izEAsZMCFzZQCY5xJiljcTlJDAwdumn6G1Wk4OQrXbwUZFBZbjMCxbVQoGs+ulJstRB/GXzvnVYQjw+gER6iNaGMKMcXfIciwEPiWOU66fGtMLgrJZc7vB+llAEfygknMdtYAFCYpIj4JdIfLyIJM7COZ6Cuo9iOKLdsr9q34fURKHy8JWuaY/F2z/AA7Nvu0JAOslgDuWOuu/IaDTei3YjHN31wAkBtY6amPhoPalNWiuPJHTsJjlZ+8vFgdQigkZQfrkj6xG0bA9Tot9vMRimhLV57isCYKawNyWUAfKvbN7M5d07wLyiY5TFUOK8Zw4VtcSsjXJduRHTxMQPYVjFadLOduzA6yCKs4NCxHm0VDi3VnJWQs6AmT8alwl3KfYj4iCfhW7OZehi3jyrm1yCqUPooJH30dxHEsltY1DAqyzpB202JBE6DrSHduktmGkbe1M13FpdRZfJmADH1HSYicw02I5zFJoSZvhMaUJuZStosELLJHhIY6xvl1gDmOtWeIYJb1lcTaURma22UzMagMPqtE6MNQJHk0WLBsYexYSwrBVZmZjt3gzsT1Cg5dN45UlcGvhf3m6pARggVDGrFswJAOgUK/xpfaKeKzH4ILqKE/vCYAkAMOUTHimRHOQNOelrgFw4e4csPaJB6kjxRprqhHy84L2Ie0xB1XxiJ5zsROxkdPEKtrxNhN1WKhp70AAi5u4mdFEkGdwcw5006RLVsS8HhSwyOIJjKNA2siYPL22pkwihbQUkKgh2ZpyhlgHz1kkRM6DkCbfYLA2iQ92ybguFxmVsz6BmPhHjGg3GssOuil2oxwe9cS2xNpWhf5o0DHzpL8mXJdVpr2h40b7AAZUUQBzbqzeZOtCJrKytDAysrK9UTQBtZusplSQeoph4XxLMrNAzqu5mOgOnnFAXw7DcQRuOfwq/wAKuukqikuSPCNZ5ACBrqTtSfhUVpe4DlOLtrfQOGIVgJ08/M6RHnXXcXgMNe8d23buyAFOTNoOfgBYiPuFJfYvsFf71MTiGFvK2cW2VszNynQKo9CT5CpO2eOv4C9nssVVwSViUzc9DoJn76557JJHVx/1di9+0C/buYh2t21taqnhzQcqATDKpGgAgjpS2u5qTH8RuX7mdyJPJQAPgKKdkcGLt/UKwto1wK2zMo8KxzliDHOI51slSMG+zKFnAudYjpMDf1I0qz2XuFMUqwRmlSCI9NPUD40+zhlsd2ZNzKz3IRyMo1Zs0ZdOgPMCk/i6p3di9aY5xcdARIOVQrLM6yM5A8oHKpjK8LlBRppjVdtXbb99Z0b6ynZh5jr50K412uZvDcwykjqARTH2a4ymIshiAHHhuDoevodxVTjPBEuksBWTdPTdasOa4u6GctlCzyAgCoW1pr4n2eGyrr1oXb4Obea7dA7u3BImMzH6CDrJ1P8AKG2raMkzDkg1oHC/9/1q6xAtwWzGCoUHRZ8QJ677DTSp8VaW6HuzDfSyAaKsjwr5AER6VZwPBwH1hoAJU81bQH2JU/GqsyoO8W7TzhZkhrloICAddCpMxpzBGbroaX+DOLgWylss5Myg8RY6DkdBty+kY1qvi0GVAJ+gGdTtLMdV6Rp+ppg/ZuuTiNlViO7YM2shmsuB7gsPh1pJUNu6oq4K81q8i3FaDKnQazy1JnXSr+FwS4hksLcCXEuOFVg0MWGaCRGUhVO+g+QuduDeC2LlxFtQ7hGAOoXJlnXQNmP+3+aqaXgnExczAqC10kEEQLIOmmsEn1EVKdo0aSkUsVxG5gC9sJ/GZIW4CYTMIbKCPpgaSIg77RSgTXTeNcKXH2slt1bE2xK+IfxFg+E6DKYiCRIYwYGo5mywYOhFVBqjPku9NaysrKszMpq7B8G7394vsPBYsu4PVyMqj1GbN5QOtLFtZIBMDrTrwbHC5h8eE8CBFyoIGW2GMjTSWOQtGpIHSpl4OPoY7RcKW/ZDYewtvD27SsWY5Wgg6leW0Deap9gsCbWKZLigXLSiNiRmGuvIwV+Yqi/alGwxTUXWRbbqqKAwTRXZ/pMY2Gw1qXgvaFbXePcQLcuZQOoRFhNN2k6kjyrKnTR1NxxnXRfTuDET1pA49xlWburjjeFLajUfRaeXLNy5yNrOA7S2r1sZbqqx0ylgDPodTSj2v4Y5Y3J+jr+dZxVPS5f1bQL4vwAqWa2DAOqndete9kr0XlBMFnUKx1CPmEMw5qJk+3SpuHcTu2wocBlIygMwVo5DXl0zR0BiK8VQrm+y5FlRbTMC1xxtqugXYsehX7QNdCT8ZzNx9Q6Y3jTrhriKQjqpRj/DiDIghtT7daUcXi4wdjQElnZvTRZHuD8K3Zb93MbV1pIkqNZ6COXT2rbAcLxBZrN6ClyAdQchGoZehALSNiCZ11EwSLnJlXgfEO4vLdBm2TkuD+U8z0I3+NdDKQfDsdaR+K9k8RhlzMouWwCGdDIgc2X6QX+aIHWmLsXxkOvcu0sv0SdyOnmRU8kfqL4Z/GGsRbQIWaAAJJPIda5v2i4ib9wgBe4tsQuX63RyeZPymKfe2Vq4cJdKOyiPFljxLGoOkgdY5Tyrm1rD5iFzZVKzI02Gvlpr8KfGssnmlbo94cBlZY/1SdB6Dz+6r2Exdpr6MrAALkgyZ11nN116cqaW7O2Tin/gm4i2+9WyixmhktgQYGxdo8utLPabhuTEzbs92gJWAFgsrQ0AdPy61f2jNK49igbZLHytqPgob8aI8BZrSnEIP4i3BcHnlJbKZ5FfuFTYXAd5c0GrGBtsBEmdgAOfSsxONt2Ve3bIYqYzExBynVV3AMxLDkxMSKdEXpb7fcYt3WsOCNg6qVAhSASCZlhIAmN130igXCMWLly47MoPdMiqzBZlSAqk6a66HrzqwmC7yxaV4zklZLSw1zEAbANIM67GjHCuypB8NhzsJKncxpJ8iNPOlSqird2jOz9y7bxNtrgKmApnXNodfCDMkTyE5elImNYl2J3JJPrTmeK5L4tso7sXe7MgGCd210EMV+HnQDtfwU4a9lmUdQ6HyO4PKQZGm4g86Iw6tjnPskBKysrKsyMpz7MYhruCxOGVQXhXBA1KgjNbnrEt5w9JldG/ZuiWsJicUxBuw1q2h0GykseskqJjQLE6kVMvBr0WeD4GLzW4HMEsNt4IHU6cuR2qricTn8cEDQZiSSYEydeepjaivFeIobSug/jXSzMVJVVRCUQKAZAhZ1JJMydat9jOGWcRbvB9GthWEgsGBaIAn6eaIABEdTQs1lXeIWMRe1DqAIY8p9CZp+xGOFy0rlQCyhiPUAx6Uu3uFq1i94RntXCAQuXMsgEFRpoSvmNORrMLjslm2GnYoJ6AyPhmj2qZrsi4fjKmMnGeC2EtkDDu5yqzXQi5SbmXLDMZPicTpp5waUr2DAOHUFvrZgwiGzNIA5AZcvKSKZX48tzh2S5OdWKzBP0WJSIICwMo/wBIpewmKVmSDqoIIJ5s2Yn4k+lEbsqdUGu/uq9u1ZEsR3lwxJCAxt1J+6mLD8Na0FdysACMszLRyPQCBqd+VBOGYpFd3JEtA1PIctvX/cav8b7VW1UBicxIZRB1ymZ8hI51ZiyDGcZLs3cuQLRY77lWtKfncI8486E45VVkxFpQrZhmUTuDDAATEA7DqpEyQAnDceZOsE3A5/yhs0D/AFBTP8ootx0NavkqfC+V2X7JI8LDpqI9B50+ou1BPivGLjSHACq7JbTXVSTJYNscuVddhm60F4bwS7fK27SG73k5Cp0IE5pmMuxmY+6qOOuPecjM3iYsZ11OsegiPamns1iP3TCYq6rkXIFu3rqucjO4B2MAa9VFLrSKtykMeDtYmz3142GNwktoVZgpIDKYOgBymRtBMGKQ+L3oxT3BbYJdJyMc0SYzHVVGugOnvXReyeMxts5wn70l2yjkF4dJkZcxJzDczBJoLixZxV27cxQe3luoi2S5UwUUuAg0Ykq5MayvnUXtm1JRa/3/AMF3Cs4tOybkC3bPIvcORSD5DMfainHOzlu3Zy27RW4mgcCcz5S2/PRWzb7+dV+JX7Vi1btWcODlvB2cMJ/h3PArdCVzHUyM1GO1PFO+W13LqhtkvcDFx3WhBZw0q0AkSskzppUybtUKCVOwH2F4gHBRVIvC06KQYiPGCCOpRVjzPlTPe4sbrWD3IUKtx7BIBLhLRVV8U5j3tuZPVeQFIfZi8Ev3bi6oQyrmzrnDaTCMD1MTp50QxXETeezhraLbDNBYFgQmYjTMxgEk68vanKNuyuOaUa+/BYv4pmN931ZyCCepcNI9Qvyq7xTEG9hVJbM1phrmzEBxDe2YLHqaJdtuGLYZbYtC3KjMufPlJkJtsfDy5NFLFu7COuviERy0IPy/GrjK1ZhJU6KdZWVlUQG+zXZx8U/2La/Tc/cOrfdz8+ncPwlrDWbgVR3du1cfKdQWFtiGPU5gDPkKhwFoW7araQKiDkRt+JPzmqXa7FMljICc11WGhmRkK9Y+k9sR5npQMR7WHIs2bkaMHTb7JU//ACNE+yuINi6HAJ3zAGDlAkmeUZQ3+nWRpRM4G02Gs4cOc6eIwp3YSZmBGu88q9wvBv7y1ZJa41pp1AAiGOpMAQI1P1qF+mPfUAL17NcGV2LEmckrCTBHnp1358qi4pxlDNq3bVkD5lLddpAHLU6GaKYDgeW2965mlsyWUSGzRo1xiNkBlR1Ob7OsmC/Z/ntrdGJRUYSRlZmj0EDNM6EiOtCcUNxkwHh5eAzEKFkgHTqTA0nUD+m+lrGLaJyBdd5AJ+JEj2pmx2Cwti2UytcHO63hLHkFAMBR+ppTxVzMN27pToCdiZgDzPXeAaakm8G4tLRjwHEFyqQph1zaHY7FT7j7qA8QxavcuNlzMTGYk6AAAADyq3hDNgS2VxmMdVO0efl5UPsWDyHxpVpDeHuAwpzr6j76acZh1u3s0SMoWQeQ2/E0NwuDYgcvSjeH4bcykzqF0nXYVoombZVt8LA151Nxe6wwa2tFBuk8vHA26mJG+ggRrRDh9omyjMJLKGkCNxNDePWoKQJmfly+Zpyjg4SpjV2M42627abgINZ6TJP650n8e4iWu4l1YjNcIkEyTzA6DYedS4HEXEWQYIUwNd9dfPeaWMVcPhGpyzr1Mz+vWs1CnZfYm4fcu2izqMyxnI5EZmU6c9VP9N6k4riHdTkJ2nXmkyB/NBUD/TUV7H3VVYQFVQA7882/XUufeoMHjipEKJJAAOwBZfhMEe5qZRXpUZ0mg3gOIW7ptkAK7A51AAGcEZmHQNIb1LdK9t8PuHE9/dOREOhB+io0UnoI56+elCHHd3W7vYsdfw+Gb5UUu9oE7hreYZ7hg76KDr8Y0HQ1Em7pFwSStkHFMc13FzdZW00YBfEcpCzHhmTPKT7VDwTCM9+3lUFi4MAACJ10GgETVZO6ZgMxkmBHU6Cm/svaayWYNAZYMzqQdNveqiqJk71gTtV2Qa2DetKSm7KB9HqR/L5cvTZRrslvFOfrDXzj5k6VS/dF/wAK3/tX8qszJAMqwZ16N+FL3EsXnxBXcKMo9QQSfj91Hv3jDqsliYHL5Us4llLFghWeWgihDCOFJHOTr8/x/KpkbKj5RLXVKjXXLsAI3LXMo9ENDLGIBMa/Cr1y4FDOpBKBUXyOpJ9c2cj2pSWYVB07ZviMTBRbbKxsoLcHQyPpDfxDNLDyb2qI9qXtrldCPssoAgH3MideW566U+FYaWks2u5GlX+IcJDAGQY0/R9hQoIHyMWOI8Ra+xZyzHpt+vhXtjAtcIB0A2UbD8z5nWjdrggHSr+H4T0HzqlCiZcjZWw3BgRHoPYf1q7huCoNTtW+Iu2cOJu3AOgGpPoBrXj8fwwE96DpMANPpEb+VaGTYQuWLNtGdtkUsY8hMDzO1IvEOOXrpPiKIdkU6AdCRq3v8BU3HO0D3xkC5LQMxrLRsW5dDHXmaFKhNABfs92jfDyrg3bZGiExlPIgwYHUe/q34a5ZxVoOg1GrLMlCRsdvjXOjaNSYLGXLThkYqw5j7j1HkaWgOXEcH3aMY5f0pZOHkba0Zs9rFuKFvpE7lfo+sEyPnRRuGIRKwfSDvttTasExcbCfw3EfVX7yaH4nASrNEZQsfCPyNNt3h5EiOQFVG4fIbTcfdUuI+wqYK14xPL8f+6ucR4RcustxQviXWSBJBKz8vlV1uHEHaob+cfWIEDTkPy66dfOs5Ra8NYtP0HDhty0XYoPCvKDrK/gfnXRP7PK2w63EZYEZSek9ND60p2M7vtJ5dNdPfTSj4vlVUCZAAHKABRGMgk4m7Ow20iq0t+hWy4ljykncmq3eN0+6rpmdorJfDCNduv8AWqOLxyhjJ15xrQq1fMRmIHrUiYWdqYyf+18rSi6jYmiPD+Lo65bkKdNeWmnPahv7jXn7qelOibG/C4dDB0qxdv2FEG4vmBJPypKDXVEK7gdATHwojhMxQB7WY7KwJmD/AC7HmZkUm2vECV+hHEcXQfQWfM/kKE42+bpzOZ6dB6VZu4TOQU+B09j09Kls8HuNy9h/Smk36N0gR+7itf3WmYdnmA+jWn9jkcqpQIbAaYEdKlXB+VHrHDD0qxY4TrqKtJEti8mBnlUT8N12p6wnAh0r3E8B6CquJOnP7vDtNqqWLz2WzW2KHyMT6jmPI10VOCggqw350sca4E1tjp4eRqHFPwtMg4X2xuo38f8AipOuigjrEAT6GmTBcdwd98iMyudg6xPUA7T5fCaRbuDPSoGwp6VFMo6JisCh2NV14KCNxSRb4liLYAW4wA5EyPTXlRTCduLiqRctqx5FZHsZn5VLKQz2OCBfrCvcclm3Ge9bSdszgT8aTMT2rxNzZwg6IPxMmh7LnMlizHcmSfT9daE6JY0cR4zaQfwz3hnUA8uvU/qYql/bVr7f/B6FfuTKuaEYDz2PmJBPtI69K97y5/g2f9tr86fYKZHi8CqtA0ME+JlEwJ/pXi38oTUCI3kffV7+wb7Wu9QXFzaQGYiCYgnc1txTs1ct2TdueGGUKGBlhBEA7GInpqekVk3RrGDl4F7WHMKHRg8SQykGDsYI2jnUV8IIoYuMeyLdy7LB7ZW2YaGXNJZQxAMP4dsrQd9arYW8ty43dreuM6wAFBbMDMgKdgPn1pqQdUHbCIZ6jUeY/wC9Ph1q/wAMVLkwR4SJ5zJyiP8AVI+HWkgQCzd9480G2ysJE6yRK/Or/ELF6yzIhC5uaMZhdtQdJ0OlD5NKjxuSbR0TB8JWRJAkwNQJPQdTvRXsgtnEh8uXNbfIwBJ1G+4GmbMBE6Dzrk1zj99rwuZ4IyhPokSq5ZAMgkydtZPpVK3ibi3ECDK6lSGA1UgAiCx0iI9qvs2Z9aPoLH4O3bQs0QCFganMxAVY6kkAetCcZZs51/iJ4nNsQR9MAkrvvpEdSBXH+Kcdxc3A95i1y4HujIgzMn0GLL9IjcchpFRYTHXyAudHVXNzIdsx0LaRqcvyFUrE0jtV3h4UbCSQoGgknQe086C8JfC37ty0twHEAktlLKYVsgCsD5AlQd3M152a7y6e/YjM0DnoAIA1Op213pN7OcIvDiN1Uyi5bLsQ2gIDawfqmcsHlp51Lej6UrOsWsFAAGwEbz8zqfWplwwG8D1pdwwxCWhctO3dhAUQRqIJCgHQEkklvTWAKQ8X+0vGXItnu1UCAwDkkDYli4mdDOkwKbF1O0WuGo0jSfLlO1L3arg7ZQAmnLpXOr/bzHXLRtZxlzBiVV1bwgQMyvIHhX1ipMb+0jHu9wubbK9vI9uGVQoJlk/iStw5yMy67dKWrQwZMD2SuXQzhJC7jY+gHOhXGODhGy6ZsubLIDa7QCddA89IHWq3YDj984i1cDXLpQXAwZ2J7t8z3NgQXB8Y01KgRQzi9vEG82JuSj5iTtpIImTsIJ9IEUNuzRQbWI1xNuycoW4hLSBr9mCZ+NCjgw4lNdNRzGvT1kVVvsvhOrkmZ+jqOQ0JO4jpW13ibKWXKDEqCTmgT4h5gnWk5CSRJ3CIz+Iyo2Mcxp66mP1FbWEaTGVTGckk/V3AI9T5aTOlUVxILqSug+kBzA5R0jTejHCuF97dzWiWCwQqz18Sw2oBHLzpLWFX4YcMRcW298B2iQlvMBppLGCT7H4Vc/cML/8AkXf/AEx+VDb/AAS7ahntlcxBAHL+XyqP+wm/xV/3H8qq1+gz9HYe1Xe4XD2nTDXLlq24N1Q1sC5KEIBIL+FipMLETrpXP+1vbQ49FtHD/u6gycrMxOkCfCJ/r61Y4z2nv4m3bsu82h4ly5wQ2shmVwCNToaDLwm4dTERpE+0+PX765e+abKLTIm4dexDWxDuEUW030USQoAiBqT7038D/ZPiGttck28ykAAspYHcHxagjrQDCcLbQXMuWZ8JcGfXvBTfb/aBiLdgqTbVUGRdHUwNBGZjOnPUVl/I26THKK9oE8L/AGcYdXa3ib1xLigOQoUDKW0MtIGoiN6buG9hsNdZO7YgZCviYMSBGum+sGK5lgu014Yu7iP70ncNBUhRoD1HMDnFNXB+2yiy11T4kUKpMatmUwIGmhb4VcIT7XJ2OPIop9cYX7ddi7eHtr3eTLqxBS3o32gNDOg18q5jjMMhMPdnWfoN/wDE028X7ZNiTDDMInrHy2pRx0M4K2jGuaANfgK7YzaOeWgyxalgFnXbT8yK6V+zvsMbxzsFyjeYkR5BjSdwzhKtBOYc9h+VdI7NcW/drXhBjrFU+WTVEdd0dsL2fW0IkRv+Nc+u9nb5xFvFBARcviA0GQWk5h9nf4TRTjPbMmxcynxOpUereGfnQjFdqF7sIh1t5Xt+tshh8QCvvWT12zT5g7cS4K2JFyyXZVJ5MV0nqNtqD479jeFa2BbQZwN2uXTy0Ezt6AVUXtYEvs5b+HqRr5yJ+NF8R26zW8yPHSr0h6cs4x2dxGGL2lw4CE65Lja8p8Wu1Bv7Nuu0th8zMYJLmfeDTH2g7Vl3OdmnrQjC9owh8RbQyD/SqbiTTOm9iP2ZvYW1iEvCzeyyQsurAjZlcDfnEeUUW7Q9m7fcxcyzswXnHQHlz8qQuH/tauoMpdgAIE60V4n25sPbBuX3RigOgDA5gCZ5gg1hzRbjgSc1BqLA69kMPduJbDtA1VZMKGLTJnQkqxA5w1M/GP2PYQ2M1ie8AnVzB/Kki7xVVPepfDm2ymQpAiTow11gnXYxVnE/tFu2joBdnQo7tl15+GD86ONtKmcjhyJpW3a/fjFHi/A7lh42jbWquAuXkcPaZkf7SMVPxBq3xbjHfHOVAnXKNcuuwnWNt6r4bFR/9ufYUfTog5qP5ene+xg/fsP3mIs2w4MEIxJ/zEN989atf+K4X/AtfAVxjhvao2gf4TPmXKBnZSCZAbw7xGx0Miof/K73R/lV4EZclahXZY5GvSxO8miwV32UecwAPWr2F4C27bfyx84O9TRtYDw2FDbg/GPwqYcNc+FQTzgUbuYdU+oZHM/lUK3yTlVXjnA089dadCs0wPZxtO8bIDuA2vuBsPOiD8AthSVLDQ+GQfYEwaLcE4QreJiwAGuv68vj51risgbwk5dhoDQFgPCYVAY11899IoiuCXTSI8zRPhuABMkaTuR121pjHB1yzBA9ORooOwpWsq6n5navb/ET3ZUGQZ0k84otxLBgEee2/wD3QjGXFWZHn+o35fOig7Cxj8a6DKGMZoP5CdjI+XxH3eINyYz60axuIRgREaDSNJnz/rsKC451JkD/AKoGTtxNnGrmSPFrv60Z4ZxcraKFjBj75n9dKWkveVFMFfXSY85A/KndiJ8ZaDHMG5VQv4YE/WpkwV200Aqp6+H9fOmLhODw7GTbB0n6IPX0pis5seFu50DH2qycDdCgnNA2FdoweGw5EC2gP+UcuvOPzoR2ks2+7AChdJgD9GkFs5A9xwHRSQrRnH2oMiR5Ga1XAMRJkDrlNE+K4ZVckEeoH5VpYxjx4WA1IiSJ06HrSodgx8IRzB9K0GHbkKO4dGuasoPQidfTLzG9MfBuyouHY79J+Ag/o0UFiLawFw7DbpW/7vd6v/zrqHEuyQRZUZjpsDO2nL8qX/7Af/Ab4rRQrFvC3sgmRpqPX9frXS6e0EA5QsxGw9560ttdNZ3hpWOgu/EMx1G/TT7jU+HvgtJBB666D1O3r50FtsJ2HvU4vHU5vaT+v+qBjRc4wQuUGB09j1351WHEPMSevXrQA4k/W9q2tXtQPx/XnTEO3C+LgCPKOevIbbfV+HtRVuMZl1PlA5gRrSBYxxHny1M/DQVJc4vOx+74+s0AMXE+LA6BgIBHTfz9j8KX7+JLtlDRPM6Dy9PWKr4e6b91LUxmaJ5AcyfQST6UV4TYsX30tWbdvOdbjYrN3Y1L+ElPog8xqu21AG47HYxjoqnWPpx5a6aH+tUeMdjMXh7PfXLY7vqrT77bU98G7bXkHdtZRbNqy1y0103EdwCEtB3chPGSNROnMnWrFztrib+Bd2tYW5nuJYFru7oDu+6o4usHjQ5hA0O8ijBact4RwW7iJNtdBuzaL8ep6UVtdlMQNZtRyi4pPsPhPTeul4njFvDvbwLpbR1DG81nMluyAA4BL5mY5IJ8QG+3LnHavtvdxIayh7vDgmFBkvyzOxgmY+iAo12p5QtsqBsjRmRoMHKSfgwEH2J+6j/B+JdNx5xtr+ppGXEGRrRDDY6DJY/19+dIdHSl4rpAMEe2mvU7c/zoXxXiBO5G3PmOW/69aX7fEyBofu6em3qJry/jxyPIbRt6H9cqBkWKRTPLmP6kfCao9yojWPhz9f1rXmMu5tjvVR/M/r3oAM4a+ykeI6Aeum23Tz8qY+HcbGhYajkfb8h+tKSrOIjTzqZcV0Pp67/j8qAH/EcaDKVO42OY6ddQBA8hyigv9or9v/lc/Ol5+IHctJiOWo57Dzqr++fyj5flQAIrJrKypGbA17nrSsoA2zV6HrSsoAl748q0LmtaynYFnBYxrbZlyzBHiVWEEQRDAjUEinvB4jHM6WkDBLdtQ4RLFsd40tlQXAFGUHKQvNGbdjSdhOE3jlc4e86NquVGh4MaNB09Jp24P2uvWUheHX3VZXVmOUicwnuZBENOukHzoVfRMNYTCcTFy5bsq26DOpw4IXV7x8ME3WbwDwxqZIqfC4fjhS4+a7nyNkVblpkLucuUnTuzaBJ+tmIGvIrPaTtbj0tFLeFfBoR4yJLAeEQWgZJzLpA3XfSvOw3a3H8OV7bYS9dtucwVluKQ0wSDlO+s6bim6BWMXEOH8WdmW8LjIlyCXNg2nsosMWBl2uXDyI0zfBX/AHpckOuEtXFVg0WsCSbjv9nMAEt2xA1BzGYNM2O/aZiVud03Cri3WBVQLjEnQE5R3RzQCDz3Fc+4zgr2Ju57eDvIz7rlYg/RgzlEaMvICCvWk6BWe9psajWrSgWzdLFrjKbbEAeFFzW1AE+Nist9Xbal9HI2q1juFXrP95adBMSVMT0nafLcVSmkMs28Uw3J/X6Nbfvh6x5VUmsp2BYa9JrTvKirKAJ+99ZrO+qCsoAna6TzNaZj+jUc1k0AZWVNh72Rg2UNHJhIOkVaPEhIPc2/SN/X4UgB9ZXrHWvKAMrKysoAysrKygBw7O9ssc1yzh1vBVbLZSLdv+GCyAOBAzMoRYLHSNxvTxd4Xcw2FYYXiFw9yzrhrZt2YZlueJdVm5mZbj5gYC7854vWUAdpw3CbmIw2HXEcRf8AitbvFLduwUJIa4QoUFjkOXMzDJJUctPMAcddxt1Diry4dYdroTCuXYFVmQIKg29IVickRqTXF6ygDtB4RdYW7q8QuXLrjJbi1hirWbrsXUIzAB1tqpYmAvhQGBFTcQuXbNvE3Tj75WxbAQPawyhmykG0C1uGjPGg1GgBAFcRrKACfF+0GIxK20vXMy2xCDKqxoo1ygZjCqJMnShlZWUAZWVlZQBlZWVlAGVvbtljCgk9AJr3Ov2Pmaks4wofDoOm/wB9AFcisre9dLGSZNaUAf/Z', 'Tốc độ và hành động đỉnh cao', 'Âu Mỹ', '02:23:10', 'phimdangchieu');

-- --------------------------------------------------------

--
-- Table structure for table `phong`
--

CREATE TABLE `phong` (
  `maphong` varchar(10) NOT NULL,
  `tenphong` varchar(255) NOT NULL,
  `sizemanhinh` varchar(255) NOT NULL,
  `sizephong` varchar(255) NOT NULL,
  `soluongghe` int(11) NOT NULL,
  `ghe` varchar(500) NOT NULL
) ENGINE=InnoDB DEFAULT CHARSET=utf8mb4 COLLATE=utf8mb4_general_ci;

--
-- Dumping data for table `phong`
--

INSERT INTO `phong` (`maphong`, `tenphong`, `sizemanhinh`, `sizephong`, `soluongghe`, `ghe`) VALUES
('mp52006610', '100', '20', '30', 10, '  [{\"value\": 0, \"state\": 0},{\"value\": 1, \"state\": 0},{\"value\": 2, \"state\": 0},{\"value\": 3, \"state\": 0},{\"value\": 4, \"state\": 0},{\"value\": 5, \"state\": 0},{\"value\": 6, \"state\": 0},{\"value\": 7, \"state\": 0},{\"value\": 8, \"state\": 0},{\"value\": 9, \"state\": 0}]\r\n'),
('mp52006611', '101', '10x10', '20x20', 10, '  [{\"value\": 0, \"state\": 0},{\"value\": 1, \"state\": 0},{\"value\": 2, \"state\": 0},{\"value\": 3, \"state\": 0},{\"value\": 4, \"state\": 0},{\"value\": 5, \"state\": 0},{\"value\": 6, \"state\": 0},{\"value\": 7, \"state\": 0},{\"value\": 8, \"state\": 0},{\"value\": 9, \"state\": 0}]\r\n'),
('mp52006612', '102', '10x10', '20x20', 10, ''),
('mp52006613', '103', '10x10', '20x20', 10, ''),
('mp52006614', '104', '10x10', '20x20', 10, ''),
('mp52006615', '105', '10x10', '20x20', 10, '');

-- --------------------------------------------------------

--
-- Table structure for table `suatchieu`
--

CREATE TABLE `suatchieu` (
  `masc` varchar(10) NOT NULL,
  `tgbd` datetime NOT NULL,
  `tgkt` datetime NOT NULL,
  `hinhthuc` varchar(10) NOT NULL,
  `maphim` varchar(10) NOT NULL,
  `maphong` varchar(10) NOT NULL,
  `danhsachghe` varchar(500) NOT NULL
) ENGINE=InnoDB DEFAULT CHARSET=utf8mb4 COLLATE=utf8mb4_general_ci;

--
-- Dumping data for table `suatchieu`
--

INSERT INTO `suatchieu` (`masc`, `tgbd`, `tgkt`, `hinhthuc`, `maphim`, `maphong`, `danhsachghe`) VALUES
('sc52006610', '2023-12-07 15:55:00', '2023-12-07 15:55:00', '2D', 'dh52006610', 'mp52006612', '[{\"value\": \"a\", \"state\": 0},{\"value\": \"b\", \"state\": 0},{\"value\": \"c\", \"state\": 0},{\"value\": \"d\", \"state\": 0},{\"value\": \"e\", \"state\": 0},{\"value\": \"f\", \"state\": 0},{\"value\": \"g\", \"state\": 0},{\"value\": \"h\", \"state\": 0},{\"value\": \"i\", \"state\": 0},{\"value\": \"j\", \"state\": 0},{\"value\": \"k\", \"state\": 0},{\"value\": \"l\", \"state\": 0}]'),
('sc52006611', '2023-12-08 16:28:05', '2023-12-08 16:28:05', '3D', 'dh52006611', 'mp52006610', '[{\"value\": \"a\", \"state\": 0},{\"value\": \"b\", \"state\": 0},{\"value\": \"c\", \"state\": 0},{\"value\": \"d\", \"state\": 0},{\"value\": \"e\", \"state\": 0},{\"value\": \"f\", \"state\": 0},{\"value\": \"g\", \"state\": 0},{\"value\": \"h\", \"state\": 0},{\"value\": \"i\", \"state\": 0},{\"value\": \"j\", \"state\": 0},{\"value\": \"k\", \"state\": 0},{\"value\": \"l\", \"state\": 0}]'),
('sc52006612', '2023-12-08 18:28:05', '2023-12-08 20:28:05', '2D', 'dh52006612', 'mp52006611', '[{\"value\": \"a\", \"state\": 0},{\"value\": \"b\", \"state\": 0},{\"value\": \"c\", \"state\": 0},{\"value\": \"d\", \"state\": 0},{\"value\": \"e\", \"state\": 0},{\"value\": \"f\", \"state\": 0},{\"value\": \"g\", \"state\": 0},{\"value\": \"h\", \"state\": 0},{\"value\": \"i\", \"state\": 0},{\"value\": \"j\", \"state\": 0},{\"value\": \"k\", \"state\": 0},{\"value\": \"l\", \"state\": 0}]'),
('sc52006613', '2023-12-08 18:28:05', '2023-12-08 20:28:05', '2D', 'dh52006613', 'mp52006610', '[{\"value\": \"a\", \"state\": 0},{\"value\": \"b\", \"state\": 0},{\"value\": \"c\", \"state\": 0},{\"value\": \"d\", \"state\": 0},{\"value\": \"e\", \"state\": 0},{\"value\": \"f\", \"state\": 0},{\"value\": \"g\", \"state\": 0},{\"value\": \"h\", \"state\": 0},{\"value\": \"i\", \"state\": 0},{\"value\": \"j\", \"state\": 0},{\"value\": \"k\", \"state\": 0},{\"value\": \"l\", \"state\": 0}]'),
('sc52006614', '2023-12-08 18:28:05', '2023-12-08 20:28:05', '2D', 'dh52006614', 'mp52006612', '[{\"value\": \"a\", \"state\": 0},{\"value\": \"b\", \"state\": 0},{\"value\": \"c\", \"state\": 0},{\"value\": \"d\", \"state\": 0},{\"value\": \"e\", \"state\": 0},{\"value\": \"f\", \"state\": 0},{\"value\": \"g\", \"state\": 0},{\"value\": \"h\", \"state\": 0},{\"value\": \"i\", \"state\": 0},{\"value\": \"j\", \"state\": 0},{\"value\": \"k\", \"state\": 0},{\"value\": \"l\", \"state\": 0}]'),
('sc52006615', '2023-12-08 18:28:05', '2023-12-08 20:28:05', '2D', 'dh52006615', 'mp52006613', '[{\"value\": \"a\", \"state\": 0},{\"value\": \"b\", \"state\": 0},{\"value\": \"c\", \"state\": 0},{\"value\": \"d\", \"state\": 0},{\"value\": \"e\", \"state\": 0},{\"value\": \"f\", \"state\": 0},{\"value\": \"g\", \"state\": 0},{\"value\": \"h\", \"state\": 0},{\"value\": \"i\", \"state\": 0},{\"value\": \"j\", \"state\": 0},{\"value\": \"k\", \"state\": 0},{\"value\": \"l\", \"state\": 0}]'),
('sc52006616', '2023-12-08 18:28:05', '2023-12-08 20:28:05', '3D', 'dh52006616', 'mp52006614', '[{\"value\": \"a\", \"state\": 0},{\"value\": \"b\", \"state\": 0},{\"value\": \"c\", \"state\": 0},{\"value\": \"d\", \"state\": 0},{\"value\": \"e\", \"state\": 0},{\"value\": \"f\", \"state\": 0},{\"value\": \"g\", \"state\": 0},{\"value\": \"h\", \"state\": 0},{\"value\": \"i\", \"state\": 0},{\"value\": \"j\", \"state\": 0},{\"value\": \"k\", \"state\": 0},{\"value\": \"l\", \"state\": 0}]'),
('sc52006617', '2023-12-08 18:28:05', '2023-12-08 20:28:05', '2D', 'dh52006617', 'mp52006615', '[{\"value\": \"a\", \"state\": 0},{\"value\": \"b\", \"state\": 0},{\"value\": \"c\", \"state\": 0},{\"value\": \"d\", \"state\": 0},{\"value\": \"e\", \"state\": 0},{\"value\": \"f\", \"state\": 0},{\"value\": \"g\", \"state\": 0},{\"value\": \"h\", \"state\": 0},{\"value\": \"i\", \"state\": 0},{\"value\": \"j\", \"state\": 0},{\"value\": \"k\", \"state\": 0},{\"value\": \"l\", \"state\": 0}]'),
('sc52006618', '2023-12-08 18:28:05', '2023-12-08 20:28:05', '3D', 'dh52006618', 'mp52006610', '[{\"value\": \"a\", \"state\": 0},{\"value\": \"b\", \"state\": 0},{\"value\": \"c\", \"state\": 0},{\"value\": \"d\", \"state\": 0},{\"value\": \"e\", \"state\": 0},{\"value\": \"f\", \"state\": 0},{\"value\": \"g\", \"state\": 0},{\"value\": \"h\", \"state\": 0},{\"value\": \"i\", \"state\": 0},{\"value\": \"j\", \"state\": 0},{\"value\": \"k\", \"state\": 0},{\"value\": \"l\", \"state\": 0}]'),
('sc52006619', '2023-12-08 18:28:05', '2023-12-08 20:28:05', '2D', 'dh52006619', 'mp52006611', '[{\"value\": \"a\", \"state\": 0},{\"value\": \"b\", \"state\": 0},{\"value\": \"c\", \"state\": 0},{\"value\": \"d\", \"state\": 0},{\"value\": \"e\", \"state\": 0},{\"value\": \"f\", \"state\": 0},{\"value\": \"g\", \"state\": 0},{\"value\": \"h\", \"state\": 0},{\"value\": \"i\", \"state\": 0},{\"value\": \"j\", \"state\": 0},{\"value\": \"k\", \"state\": 0},{\"value\": \"l\", \"state\": 0}]'),
('sc52006620', '2023-12-08 18:28:05', '2023-12-08 20:28:05', '2D', 'dh52006617', 'mp52006612', '[{\"value\": \"a\", \"state\": 0},{\"value\": \"b\", \"state\": 0},{\"value\": \"c\", \"state\": 0},{\"value\": \"d\", \"state\": 0},{\"value\": \"e\", \"state\": 0},{\"value\": \"f\", \"state\": 0},{\"value\": \"g\", \"state\": 0},{\"value\": \"h\", \"state\": 0},{\"value\": \"i\", \"state\": 0},{\"value\": \"j\", \"state\": 0},{\"value\": \"k\", \"state\": 0},{\"value\": \"l\", \"state\": 0}]'),
('sc52006621', '2023-12-08 18:28:05', '2023-12-08 20:28:05', '3D', 'dh52006612', 'mp52006613', '[{\"value\": \"a\", \"state\": 0},{\"value\": \"b\", \"state\": 0},{\"value\": \"c\", \"state\": 0},{\"value\": \"d\", \"state\": 0},{\"value\": \"e\", \"state\": 0},{\"value\": \"f\", \"state\": 0},{\"value\": \"g\", \"state\": 0},{\"value\": \"h\", \"state\": 0},{\"value\": \"i\", \"state\": 0},{\"value\": \"j\", \"state\": 0},{\"value\": \"k\", \"state\": 0},{\"value\": \"l\", \"state\": 0}]'),
('sc52006622', '2023-12-08 18:28:05', '2023-12-08 20:28:05', '2D', 'dh52006621', 'mp52006614', '[{\"value\": \"a\", \"state\": 0},{\"value\": \"b\", \"state\": 0},{\"value\": \"c\", \"state\": 0},{\"value\": \"d\", \"state\": 0},{\"value\": \"e\", \"state\": 0},{\"value\": \"f\", \"state\": 0},{\"value\": \"g\", \"state\": 0},{\"value\": \"h\", \"state\": 0},{\"value\": \"i\", \"state\": 0},{\"value\": \"j\", \"state\": 0},{\"value\": \"k\", \"state\": 0},{\"value\": \"l\", \"state\": 0}]'),
('sc52006623', '2023-12-08 18:28:05', '2023-12-08 20:28:05', '3D', 'dh52006610', 'mp52006615', '[{\"value\": \"a\", \"state\": 0},{\"value\": \"b\", \"state\": 0},{\"value\": \"c\", \"state\": 0},{\"value\": \"d\", \"state\": 0},{\"value\": \"e\", \"state\": 0},{\"value\": \"f\", \"state\": 0},{\"value\": \"g\", \"state\": 0},{\"value\": \"h\", \"state\": 0},{\"value\": \"i\", \"state\": 0},{\"value\": \"j\", \"state\": 0},{\"value\": \"k\", \"state\": 0},{\"value\": \"l\", \"state\": 0}]'),
('sc52006624', '2023-12-08 18:28:05', '2023-12-08 20:28:05', '2D', 'dh52006612', 'mp52006612', '[{\"value\": \"a\", \"state\": 0},{\"value\": \"b\", \"state\": 0},{\"value\": \"c\", \"state\": 0},{\"value\": \"d\", \"state\": 0},{\"value\": \"e\", \"state\": 0},{\"value\": \"f\", \"state\": 0},{\"value\": \"g\", \"state\": 0},{\"value\": \"h\", \"state\": 0},{\"value\": \"i\", \"state\": 0},{\"value\": \"j\", \"state\": 0},{\"value\": \"k\", \"state\": 0},{\"value\": \"l\", \"state\": 0}]');

-- --------------------------------------------------------

--
-- Table structure for table `user`
--

CREATE TABLE `user` (
  `iduser` varchar(10) NOT NULL,
  `username` varchar(255) NOT NULL,
  `password` varchar(255) NOT NULL,
  `state` int(11) NOT NULL,
  `email` varchar(255) NOT NULL
) ENGINE=InnoDB DEFAULT CHARSET=utf8mb4 COLLATE=utf8mb4_general_ci;

--
-- Dumping data for table `user`
--

INSERT INTO `user` (`iduser`, `username`, `password`, `state`, `email`) VALUES
(':iduser', 'username', 'username', 0, 'username'),
('id16986007', 'vuongasd', '$2y$10$90SE88LASI5qnkhUif0gROGcjG0VJEhUi9b1L43jjvWlAFmgQmgS.', 0, 'excample@gmail.com'),
('id24103479', 'vuong', '$2y$10$nj5wcIm.Ue7r.EzGFBzvKOY7fqozfS7zIhvqwePFEc05h1TgQ2qAq', 1, 'excample@gmail.com'),
('id5006611', 'huynhnhatvuong1', 'huynhnhatvuong1', 0, ''),
('id52006610', 'huynhnhatvuong', 'huynhnhatvuong1', 0, ''),
('id52175235', 'vuong1', '$2y$10$P6RtFJ1ZHWfeqFAMGpV33.x.3C9qxiZbWIath9lFnVcLmJlXx1Olu', 0, 'excample@gmail.com'),
('id99183053', 'vuong12', '$2y$10$JY97SOTHjHgJo004DGQitOGtoZcZVh9IxlEVzWioL6lJbiftvAIt.', 0, 'excample@gmail.com');

--
-- Indexes for dumped tables
--

--
-- Indexes for table `donhang`
--
ALTER TABLE `donhang`
  ADD PRIMARY KEY (`madh`),
  ADD KEY `mauser` (`iduser`),
  ADD KEY `masc` (`masc`),
  ADD KEY `maphim` (`maphim`);

--
-- Indexes for table `phim`
--
ALTER TABLE `phim`
  ADD PRIMARY KEY (`maphim`);

--
-- Indexes for table `phong`
--
ALTER TABLE `phong`
  ADD PRIMARY KEY (`maphong`);

--
-- Indexes for table `suatchieu`
--
ALTER TABLE `suatchieu`
  ADD PRIMARY KEY (`masc`),
  ADD KEY `maphim` (`maphim`),
  ADD KEY `maphong` (`maphong`);

--
-- Indexes for table `user`
--
ALTER TABLE `user`
  ADD PRIMARY KEY (`iduser`);

--
-- Constraints for dumped tables
--

--
-- Constraints for table `donhang`
--
ALTER TABLE `donhang`
  ADD CONSTRAINT `donhang_ibfk_1` FOREIGN KEY (`iduser`) REFERENCES `user` (`iduser`),
  ADD CONSTRAINT `donhang_ibfk_2` FOREIGN KEY (`masc`) REFERENCES `suatchieu` (`masc`),
  ADD CONSTRAINT `donhang_ibfk_3` FOREIGN KEY (`maphim`) REFERENCES `phim` (`maphim`);

--
-- Constraints for table `suatchieu`
--
ALTER TABLE `suatchieu`
  ADD CONSTRAINT `suatchieu_ibfk_1` FOREIGN KEY (`maphim`) REFERENCES `phim` (`maphim`),
  ADD CONSTRAINT `suatchieu_ibfk_2` FOREIGN KEY (`maphong`) REFERENCES `phong` (`maphong`);
COMMIT;

/*!40101 SET CHARACTER_SET_CLIENT=@OLD_CHARACTER_SET_CLIENT */;
/*!40101 SET CHARACTER_SET_RESULTS=@OLD_CHARACTER_SET_RESULTS */;
/*!40101 SET COLLATION_CONNECTION=@OLD_COLLATION_CONNECTION */;
